2026-05-30T20:48:50.293+05:30 TRACE 22464 --- [http-nio-8081-exec-5] o.s.security.web.FilterChainProxy        : Trying to match request against DefaultSecurityFilterChain defined as 'securityFilterChain' in [class path resource [com/aiops/auth_service/config/SecurityConfig.class]] matching [any request] and having filters [DisableEncodeUrl, WebAsyncManagerIntegration, SecurityContextHolder, HeaderWriter, Logout, JwtAuthentication, RequestCacheAware, SecurityContextHolderAwareRequest, AnonymousAuthentication, ExceptionTranslation, Authorization] (1/1)
2026-05-30T20:48:50.293+05:30 DEBUG 22464 --- [http-nio-8081-exec-5] o.s.security.web.FilterChainProxy        : Securing GET /test
2026-05-30T20:48:50.294+05:30 TRACE 22464 --- [http-nio-8081-exec-5] o.s.security.web.FilterChainProxy        : Invoking DisableEncodeUrlFilter (1/11)
2026-05-30T20:48:50.294+05:30 TRACE 22464 --- [http-nio-8081-exec-5] o.s.security.web.FilterChainProxy        : Invoking WebAsyncManagerIntegrationFilter (2/11)
2026-05-30T20:48:50.294+05:30 TRACE 22464 --- [http-nio-8081-exec-5] o.s.security.web.FilterChainProxy        : Invoking SecurityContextHolderFilter (3/11)
2026-05-30T20:48:50.294+05:30 TRACE 22464 --- [http-nio-8081-exec-5] o.s.security.web.FilterChainProxy        : Invoking HeaderWriterFilter (4/11)
2026-05-30T20:48:50.295+05:30 TRACE 22464 --- [http-nio-8081-exec-5] o.s.security.web.FilterChainProxy        : Invoking LogoutFilter (5/11)
2026-05-30T20:48:50.295+05:30 TRACE 22464 --- [http-nio-8081-exec-5] o.s.s.w.a.logout.LogoutFilter            : Did not match request to Or [Ant [pattern='/logout', GET], Ant [pattern='/logout', POST], Ant [pattern='/logout', PUT], Ant [pattern='/logout', DELETE]]
2026-05-30T20:48:50.295+05:30 TRACE 22464 --- [http-nio-8081-exec-5] o.s.security.web.FilterChainProxy        : Invoking JwtAuthenticationFilter (6/11)
2026-05-30T20:48:50.298+05:30 TRACE 22464 --- [http-nio-8081-exec-5] w.c.HttpSessionSecurityContextRepository : No HttpSession currently exists
2026-05-30T20:48:50.298+05:30 TRACE 22464 --- [http-nio-8081-exec-5] .s.s.w.c.SupplierDeferredSecurityContext : Created SecurityContextImpl [Null authentication]
2026-05-30T20:48:50.299+05:30 TRACE 22464 --- [http-nio-8081-exec-5] .s.s.w.c.SupplierDeferredSecurityContext : Created SecurityContextImpl [Null authentication]
2026-05-30T20:48:50.299+05:30 TRACE 22464 --- [http-nio-8081-exec-5] o.s.security.web.FilterChainProxy        : Invoking RequestCacheAwareFilter (7/11)
2026-05-30T20:48:50.299+05:30 TRACE 22464 --- [http-nio-8081-exec-5] o.s.s.w.s.HttpSessionRequestCache        : matchingRequestParameterName is required for getMatchingRequest to lookup a value, but not provided
2026-05-30T20:48:50.299+05:30 TRACE 22464 --- [http-nio-8081-exec-5] o.s.security.web.FilterChainProxy        : Invoking SecurityContextHolderAwareRequestFilter (8/11)
2026-05-30T20:48:50.299+05:30 TRACE 22464 --- [http-nio-8081-exec-5] o.s.security.web.FilterChainProxy        : Invoking AnonymousAuthenticationFilter (9/11)
2026-05-30T20:48:50.299+05:30 TRACE 22464 --- [http-nio-8081-exec-5] o.s.security.web.FilterChainProxy        : Invoking ExceptionTranslationFilter (10/11)
2026-05-30T20:48:50.300+05:30 TRACE 22464 --- [http-nio-8081-exec-5] o.s.security.web.FilterChainProxy        : Invoking AuthorizationFilter (11/11)
2026-05-30T20:48:50.300+05:30 TRACE 22464 --- [http-nio-8081-exec-5] estMatcherDelegatingAuthorizationManager : Authorizing GET /test
2026-05-30T20:48:50.300+05:30 TRACE 22464 --- [http-nio-8081-exec-5] estMatcherDelegatingAuthorizationManager : Checking authorization on GET /test using org.springframework.security.authorization.AuthenticatedAuthorizationManager@5e158726
2026-05-30T20:48:50.300+05:30 TRACE 22464 --- [http-nio-8081-exec-5] o.s.s.w.a.AnonymousAuthenticationFilter  : Did not set SecurityContextHolder since already authenticated UsernamePasswordAuthenticationToken [Principal=saumya@example.com, Credentials=[PROTECTED], Authenticated=true, Details=null, Granted Authorities=[]]
2026-05-30T20:48:50.301+05:30 DEBUG 22464 --- [http-nio-8081-exec-5] o.s.security.web.FilterChainProxy        : Secured GET /test
2026-05-30T20:48:50.301+05:30 TRACE 22464 --- [http-nio-8081-exec-5] o.s.web.servlet.DispatcherServlet        : GET "/test", parameters={}, headers={masked} in DispatcherServlet 'dispatcherServlet'
2026-05-30T20:48:50.302+05:30 DEBUG 22464 --- [http-nio-8081-exec-5] o.s.w.s.handler.SimpleUrlHandlerMapping  : Mapped to ResourceHttpRequestHandler [classpath [META-INF/resources/], classpath [resources/], classpath [static/], classpath [public/], ServletContext [/]]
2026-05-30T20:48:50.309+05:30 DEBUG 22464 --- [http-nio-8081-exec-5] o.s.w.s.r.ResourceHttpRequestHandler     : Resource not found
2026-05-30T20:48:50.310+05:30 TRACE 22464 --- [http-nio-8081-exec-5] o.s.s.w.header.writers.HstsHeaderWriter  : Not injecting HSTS header since it did not match request to [Is Secure]
2026-05-30T20:48:50.311+05:30 DEBUG 22464 --- [http-nio-8081-exec-5] .w.s.m.s.DefaultHandlerExceptionResolver : Resolved [org.springframework.web.servlet.resource.NoResourceFoundException: No static resource test.]
2026-05-30T20:48:50.311+05:30 TRACE 22464 --- [http-nio-8081-exec-5] o.s.web.servlet.DispatcherServlet        : No view rendering, null ModelAndView returned.
2026-05-30T20:48:50.312+05:30 DEBUG 22464 --- [http-nio-8081-exec-5] o.s.web.servlet.DispatcherServlet        : Completed 404 NOT_FOUND, headers={masked}
2026-05-30T20:48:50.313+05:30 TRACE 22464 --- [http-nio-8081-exec-5] o.s.security.web.FilterChainProxy        : Trying to match request against DefaultSecurityFilterChain defined as 'securityFilterChain' in [class path resource [com/aiops/auth_service/config/SecurityConfig.class]] matching [any request] and having filters [DisableEncodeUrl, WebAsyncManagerIntegration, SecurityContextHolder, HeaderWriter, Logout, JwtAuthentication, RequestCacheAware, SecurityContextHolderAwareRequest, AnonymousAuthentication, ExceptionTranslation, Authorization] (1/1)
2026-05-30T20:48:50.313+05:30 DEBUG 22464 --- [http-nio-8081-exec-5] o.s.security.web.FilterChainProxy        : Securing GET /error
2026-05-30T20:48:50.313+05:30 TRACE 22464 --- [http-nio-8081-exec-5] o.s.security.web.FilterChainProxy        : Invoking DisableEncodeUrlFilter (1/11)
2026-05-30T20:48:50.313+05:30 TRACE 22464 --- [http-nio-8081-exec-5] o.s.security.web.FilterChainProxy        : Invoking WebAsyncManagerIntegrationFilter (2/11)
2026-05-30T20:48:50.313+05:30 TRACE 22464 --- [http-nio-8081-exec-5] o.s.security.web.FilterChainProxy        : Invoking SecurityContextHolderFilter (3/11)
2026-05-30T20:48:50.314+05:30 TRACE 22464 --- [http-nio-8081-exec-5] o.s.security.web.FilterChainProxy        : Invoking HeaderWriterFilter (4/11)
2026-05-30T20:48:50.314+05:30 TRACE 22464 --- [http-nio-8081-exec-5] o.s.security.web.FilterChainProxy        : Invoking LogoutFilter (5/11)
2026-05-30T20:48:50.314+05:30 TRACE 22464 --- [http-nio-8081-exec-5] o.s.s.w.a.logout.LogoutFilter            : Did not match request to Or [Ant [pattern='/logout', GET], Ant [pattern='/logout', POST], Ant [pattern='/logout', PUT], Ant [pattern='/logout', DELETE]]
2026-05-30T20:48:50.314+05:30 TRACE 22464 --- [http-nio-8081-exec-5] o.s.security.web.FilterChainProxy        : Invoking JwtAuthenticationFilter (6/11)
2026-05-30T20:48:50.314+05:30 TRACE 22464 --- [http-nio-8081-exec-5] o.s.security.web.FilterChainProxy        : Invoking RequestCacheAwareFilter (7/11)
2026-05-30T20:48:50.314+05:30 TRACE 22464 --- [http-nio-8081-exec-5] o.s.s.w.s.HttpSessionRequestCache        : matchingRequestParameterName is required for getMatchingRequest to lookup a value, but not provided
2026-05-30T20:48:50.315+05:30 TRACE 22464 --- [http-nio-8081-exec-5] o.s.security.web.FilterChainProxy        : Invoking SecurityContextHolderAwareRequestFilter (8/11)
2026-05-30T20:48:50.315+05:30 TRACE 22464 --- [http-nio-8081-exec-5] o.s.security.web.FilterChainProxy        : Invoking AnonymousAuthenticationFilter (9/11)
2026-05-30T20:48:50.315+05:30 TRACE 22464 --- [http-nio-8081-exec-5] o.s.security.web.FilterChainProxy        : Invoking ExceptionTranslationFilter (10/11)
2026-05-30T20:48:50.315+05:30 TRACE 22464 --- [http-nio-8081-exec-5] o.s.security.web.FilterChainProxy        : Invoking AuthorizationFilter (11/11)
2026-05-30T20:48:50.315+05:30 TRACE 22464 --- [http-nio-8081-exec-5] estMatcherDelegatingAuthorizationManager : Authorizing GET /error
2026-05-30T20:48:50.316+05:30 TRACE 22464 --- [http-nio-8081-exec-5] estMatcherDelegatingAuthorizationManager : Checking authorization on GET /error using org.springframework.security.authorization.AuthenticatedAuthorizationManager@5e158726
2026-05-30T20:48:50.316+05:30 TRACE 22464 --- [http-nio-8081-exec-5] w.c.HttpSessionSecurityContextRepository : No HttpSession currently exists
2026-05-30T20:48:50.316+05:30 TRACE 22464 --- [http-nio-8081-exec-5] .s.s.w.c.SupplierDeferredSecurityContext : Created SecurityContextImpl [Null authentication]
2026-05-30T20:48:50.316+05:30 TRACE 22464 --- [http-nio-8081-exec-5] .s.s.w.c.SupplierDeferredSecurityContext : Created SecurityContextImpl [Null authentication]
2026-05-30T20:48:50.316+05:30 TRACE 22464 --- [http-nio-8081-exec-5] o.s.s.w.a.AnonymousAuthenticationFilter  : Set SecurityContextHolder to AnonymousAuthenticationToken [Principal=anonymousUser, Credentials=[PROTECTED], Authenticated=true, Details=WebAuthenticationDetails [RemoteIpAddress=0:0:0:0:0:0:0:1, SessionId=null], Granted Authorities=[ROLE_ANONYMOUS]]
2026-05-30T20:48:50.317+05:30 TRACE 22464 --- [http-nio-8081-exec-5] o.s.s.w.a.ExceptionTranslationFilter     : Sending AnonymousAuthenticationToken [Principal=anonymousUser, Credentials=[PROTECTED], Authenticated=true, Details=WebAuthenticationDetails [RemoteIpAddress=0:0:0:0:0:0:0:1, SessionId=null], Granted Authorities=[ROLE_ANONYMOUS]] to authentication entry point since access is denied

org.springframework.security.authorization.AuthorizationDeniedException: Access Denied
	at org.springframework.security.web.access.intercept.AuthorizationFilter.doFilter(AuthorizationFilter.java:99) ~[spring-security-web-6.5.1.jar:6.5.1]
	at org.springframework.security.web.FilterChainProxy$VirtualFilterChain.doFilter(FilterChainProxy.java:374) ~[spring-security-web-6.5.1.jar:6.5.1]
	at org.springframework.security.web.access.ExceptionTranslationFilter.doFilter(ExceptionTranslationFilter.java:125) ~[spring-security-web-6.5.1.jar:6.5.1]
	at org.springframework.security.web.access.ExceptionTranslationFilter.doFilter(ExceptionTranslationFilter.java:119) ~[spring-security-web-6.5.1.jar:6.5.1]
	at org.springframework.security.web.FilterChainProxy$VirtualFilterChain.doFilter(FilterChainProxy.java:374) ~[spring-security-web-6.5.1.jar:6.5.1]
	at org.springframework.security.web.authentication.AnonymousAuthenticationFilter.doFilter(AnonymousAuthenticationFilter.java:100) ~[spring-security-web-6.5.1.jar:6.5.1]
	at org.springframework.security.web.FilterChainProxy$VirtualFilterChain.doFilter(FilterChainProxy.java:374) ~[spring-security-web-6.5.1.jar:6.5.1]
	at org.springframework.security.web.servletapi.SecurityContextHolderAwareRequestFilter.doFilter(SecurityContextHolderAwareRequestFilter.java:179) ~[spring-security-web-6.5.1.jar:6.5.1]
	at org.springframework.security.web.FilterChainProxy$VirtualFilterChain.doFilter(FilterChainProxy.java:374) ~[spring-security-web-6.5.1.jar:6.5.1]
	at org.springframework.security.web.savedrequest.RequestCacheAwareFilter.doFilter(RequestCacheAwareFilter.java:63) ~[spring-security-web-6.5.1.jar:6.5.1]
	at org.springframework.security.web.FilterChainProxy$VirtualFilterChain.doFilter(FilterChainProxy.java:374) ~[spring-security-web-6.5.1.jar:6.5.1]
	at org.springframework.web.filter.OncePerRequestFilter.doFilter(OncePerRequestFilter.java:101) ~[spring-web-6.2.8.jar:6.2.8]
	at org.springframework.security.web.FilterChainProxy$VirtualFilterChain.doFilter(FilterChainProxy.java:374) ~[spring-security-web-6.5.1.jar:6.5.1]
	at org.springframework.security.web.authentication.logout.LogoutFilter.doFilter(LogoutFilter.java:107) ~[spring-security-web-6.5.1.jar:6.5.1]
	at org.springframework.security.web.authentication.logout.LogoutFilter.doFilter(LogoutFilter.java:93) ~[spring-security-web-6.5.1.jar:6.5.1]
	at org.springframework.security.web.FilterChainProxy$VirtualFilterChain.doFilter(FilterChainProxy.java:374) ~[spring-security-web-6.5.1.jar:6.5.1]
	at org.springframework.web.filter.OncePerRequestFilter.doFilter(OncePerRequestFilter.java:101) ~[spring-web-6.2.8.jar:6.2.8]
	at org.springframework.security.web.FilterChainProxy$VirtualFilterChain.doFilter(FilterChainProxy.java:374) ~[spring-security-web-6.5.1.jar:6.5.1]
	at org.springframework.security.web.context.SecurityContextHolderFilter.doFilter(SecurityContextHolderFilter.java:82) ~[spring-security-web-6.5.1.jar:6.5.1]
	at org.springframework.security.web.context.SecurityContextHolderFilter.doFilter(SecurityContextHolderFilter.java:69) ~[spring-security-web-6.5.1.jar:6.5.1]
	at org.springframework.security.web.FilterChainProxy$VirtualFilterChain.doFilter(FilterChainProxy.java:374) ~[spring-security-web-6.5.1.jar:6.5.1]
	at org.springframework.web.filter.OncePerRequestFilter.doFilter(OncePerRequestFilter.java:101) ~[spring-web-6.2.8.jar:6.2.8]
	at org.springframework.security.web.FilterChainProxy$VirtualFilterChain.doFilter(FilterChainProxy.java:374) ~[spring-security-web-6.5.1.jar:6.5.1]
	at org.springframework.web.filter.OncePerRequestFilter.doFilter(OncePerRequestFilter.java:101) ~[spring-web-6.2.8.jar:6.2.8]
	at org.springframework.security.web.FilterChainProxy$VirtualFilterChain.doFilter(FilterChainProxy.java:374) ~[spring-security-web-6.5.1.jar:6.5.1]
	at org.springframework.security.web.FilterChainProxy.doFilterInternal(FilterChainProxy.java:233) ~[spring-security-web-6.5.1.jar:6.5.1]
	at org.springframework.security.web.FilterChainProxy.doFilter(FilterChainProxy.java:191) ~[spring-security-web-6.5.1.jar:6.5.1]
	at org.springframework.web.filter.CompositeFilter$VirtualFilterChain.doFilter(CompositeFilter.java:113) ~[spring-web-6.2.8.jar:6.2.8]
	at org.springframework.web.filter.ServletRequestPathFilter.doFilter(ServletRequestPathFilter.java:52) ~[spring-web-6.2.8.jar:6.2.8]
	at org.springframework.web.filter.CompositeFilter$VirtualFilterChain.doFilter(CompositeFilter.java:113) ~[spring-web-6.2.8.jar:6.2.8]
	at org.springframework.web.filter.CompositeFilter.doFilter(CompositeFilter.java:74) ~[spring-web-6.2.8.jar:6.2.8]
	at org.springframework.security.config.annotation.web.configuration.WebSecurityConfiguration$CompositeFilterChainProxy.doFilter(WebSecurityConfiguration.java:319) ~[spring-security-config-6.5.1.jar:6.5.1]
	at org.springframework.web.filter.CompositeFilter$VirtualFilterChain.doFilter(CompositeFilter.java:113) ~[spring-web-6.2.8.jar:6.2.8]
	at org.springframework.web.servlet.handler.HandlerMappingIntrospector.lambda$createCacheFilter$4(HandlerMappingIntrospector.java:267) ~[spring-webmvc-6.2.8.jar:6.2.8]
	at org.springframework.web.filter.CompositeFilter$VirtualFilterChain.doFilter(CompositeFilter.java:113) ~[spring-web-6.2.8.jar:6.2.8]
	at org.springframework.web.filter.CompositeFilter.doFilter(CompositeFilter.java:74) ~[spring-web-6.2.8.jar:6.2.8]
	at org.springframework.security.config.annotation.web.configuration.WebMvcSecurityConfiguration$CompositeFilterChainProxy.doFilter(WebMvcSecurityConfiguration.java:240) ~[spring-security-config-6.5.1.jar:6.5.1]
	at org.springframework.web.filter.DelegatingFilterProxy.invokeDelegate(DelegatingFilterProxy.java:362) ~[spring-web-6.2.8.jar:6.2.8]
	at org.springframework.web.filter.DelegatingFilterProxy.doFilter(DelegatingFilterProxy.java:278) ~[spring-web-6.2.8.jar:6.2.8]
	at org.apache.catalina.core.ApplicationFilterChain.internalDoFilter(ApplicationFilterChain.java:164) ~[tomcat-embed-core-10.1.42.jar:10.1.42]
	at org.apache.catalina.core.ApplicationFilterChain.doFilter(ApplicationFilterChain.java:140) ~[tomcat-embed-core-10.1.42.jar:10.1.42]
	at org.springframework.web.filter.RequestContextFilter.doFilterInternal(RequestContextFilter.java:100) ~[spring-web-6.2.8.jar:6.2.8]
	at org.springframework.web.filter.OncePerRequestFilter.doFilter(OncePerRequestFilter.java:116) ~[spring-web-6.2.8.jar:6.2.8]
	at org.apache.catalina.core.ApplicationFilterChain.internalDoFilter(ApplicationFilterChain.java:164) ~[tomcat-embed-core-10.1.42.jar:10.1.42]
	at org.apache.catalina.core.ApplicationFilterChain.doFilter(ApplicationFilterChain.java:140) ~[tomcat-embed-core-10.1.42.jar:10.1.42]
	at org.springframework.web.filter.OncePerRequestFilter.doFilter(OncePerRequestFilter.java:101) ~[spring-web-6.2.8.jar:6.2.8]
	at org.apache.catalina.core.ApplicationFilterChain.internalDoFilter(ApplicationFilterChain.java:164) ~[tomcat-embed-core-10.1.42.jar:10.1.42]
	at org.apache.catalina.core.ApplicationFilterChain.doFilter(ApplicationFilterChain.java:140) ~[tomcat-embed-core-10.1.42.jar:10.1.42]
	at org.springframework.web.filter.OncePerRequestFilter.doFilter(OncePerRequestFilter.java:101) ~[spring-web-6.2.8.jar:6.2.8]
	at org.apache.catalina.core.ApplicationFilterChain.internalDoFilter(ApplicationFilterChain.java:164) ~[tomcat-embed-core-10.1.42.jar:10.1.42]
	at org.apache.catalina.core.ApplicationFilterChain.doFilter(ApplicationFilterChain.java:140) ~[tomcat-embed-core-10.1.42.jar:10.1.42]
	at org.apache.catalina.core.ApplicationDispatcher.invoke(ApplicationDispatcher.java:612) ~[tomcat-embed-core-10.1.42.jar:10.1.42]
	at org.apache.catalina.core.ApplicationDispatcher.processRequest(ApplicationDispatcher.java:396) ~[tomcat-embed-core-10.1.42.jar:10.1.42]
	at org.apache.catalina.core.ApplicationDispatcher.doForward(ApplicationDispatcher.java:323) ~[tomcat-embed-core-10.1.42.jar:10.1.42]
	at org.apache.catalina.core.ApplicationDispatcher.forward(ApplicationDispatcher.java:268) ~[tomcat-embed-core-10.1.42.jar:10.1.42]
	at org.apache.catalina.core.StandardHostValve.custom(StandardHostValve.java:377) ~[tomcat-embed-core-10.1.42.jar:10.1.42]
	at org.apache.catalina.core.StandardHostValve.status(StandardHostValve.java:209) ~[tomcat-embed-core-10.1.42.jar:10.1.42]
	at org.apache.catalina.core.StandardHostValve.invoke(StandardHostValve.java:152) ~[tomcat-embed-core-10.1.42.jar:10.1.42]
	at org.apache.catalina.valves.ErrorReportValve.invoke(ErrorReportValve.java:93) ~[tomcat-embed-core-10.1.42.jar:10.1.42]
	at org.apache.catalina.core.StandardEngineValve.invoke(StandardEngineValve.java:74) ~[tomcat-embed-core-10.1.42.jar:10.1.42]
	at org.apache.catalina.connector.CoyoteAdapter.service(CoyoteAdapter.java:344) ~[tomcat-embed-core-10.1.42.jar:10.1.42]
	at org.apache.coyote.http11.Http11Processor.service(Http11Processor.java:398) ~[tomcat-embed-core-10.1.42.jar:10.1.42]
	at org.apache.coyote.AbstractProcessorLight.process(AbstractProcessorLight.java:63) ~[tomcat-embed-core-10.1.42.jar:10.1.42]
	at org.apache.coyote.AbstractProtocol$ConnectionHandler.process(AbstractProtocol.java:903) ~[tomcat-embed-core-10.1.42.jar:10.1.42]
	at org.apache.tomcat.util.net.NioEndpoint$SocketProcessor.doRun(NioEndpoint.java:1769) ~[tomcat-embed-core-10.1.42.jar:10.1.42]
	at org.apache.tomcat.util.net.SocketProcessorBase.run(SocketProcessorBase.java:52) ~[tomcat-embed-core-10.1.42.jar:10.1.42]
	at org.apache.tomcat.util.threads.ThreadPoolExecutor.runWorker(ThreadPoolExecutor.java:1189) ~[tomcat-embed-core-10.1.42.jar:10.1.42]
	at org.apache.tomcat.util.threads.ThreadPoolExecutor$Worker.run(ThreadPoolExecutor.java:658) ~[tomcat-embed-core-10.1.42.jar:10.1.42]
	at org.apache.tomcat.util.threads.TaskThread$WrappingRunnable.run(TaskThread.java:63) ~[tomcat-embed-core-10.1.42.jar:10.1.42]
	at java.base/java.lang.Thread.run(Thread.java:1570) ~[na:na]

2026-05-30T20:48:50.319+05:30 DEBUG 22464 --- [http-nio-8081-exec-5] o.s.s.w.s.HttpSessionRequestCache        : Saved request http://localhost:8081/error?continue to session
2026-05-30T20:48:50.319+05:30 DEBUG 22464 --- [http-nio-8081-exec-5] o.s.s.w.a.Http403ForbiddenEntryPoint     : Pre-authenticated entry point called. Rejecting access
2026-05-30T21:07:33.732+05:30  WARN 22464 --- [HikariPool-1:housekeeper] com.zaxxer.hikari.pool.HikariPool        : HikariPool-1 - Thread starvation or clock leap detected (housekeeper delta=16m20s959ms320µs600ns).
2026-05-30T21:08:47.283+05:30  INFO 22464 --- [SpringApplicationShutdownHook] o.s.b.w.e.tomcat.GracefulShutdown        : Commencing graceful shutdown. Waiting for active requests to complete
2026-05-30T21:08:47.297+05:30  INFO 22464 --- [tomcat-shutdown] o.s.b.w.e.tomcat.GracefulShutdown        : Graceful shutdown complete
2026-05-30T21:08:47.303+05:30  INFO 22464 --- [SpringApplicationShutdownHook] j.LocalContainerEntityManagerFactoryBean : Closing JPA EntityManagerFactory for persistence unit 'default'
2026-05-30T21:08:47.306+05:30  INFO 22464 --- [SpringApplicationShutdownHook] com.zaxxer.hikari.HikariDataSource       : HikariPool-1 - Shutdown initiated...
2026-05-30T21:08:47.312+05:30  INFO 22464 --- [SpringApplicationShutdownHook] com.zaxxer.hikari.HikariDataSource       : HikariPool-1 - Shutdown completed.
2026-05-30T21:09:00.448+05:30  INFO 26860 --- [main] c.a.auth_service.AuthServiceApplication  : Starting AuthServiceApplication using Java 22.0.1 with PID 26860 (C:\Users\verma\OneDrive\Desktop\AI Developer Productivity Platform\Backend\auth-service\target\classes started by verma in C:\Users\verma\OneDrive\Desktop\AI Developer Productivity Platform\Backend\auth-service)
2026-05-30T21:09:00.450+05:30  INFO 26860 --- [main] c.a.auth_service.AuthServiceApplication  : No active profile set, falling back to 1 default profile: "default"
2026-05-30T21:09:01.212+05:30  INFO 26860 --- [main] .s.d.r.c.RepositoryConfigurationDelegate : Bootstrapping Spring Data JPA repositories in DEFAULT mode.
2026-05-30T21:09:01.293+05:30  INFO 26860 --- [main] .s.d.r.c.RepositoryConfigurationDelegate : Finished Spring Data repository scanning in 73 ms. Found 1 JPA repository interface.
2026-05-30T21:09:01.881+05:30  INFO 26860 --- [main] o.s.b.w.embedded.tomcat.TomcatWebServer  : Tomcat initialized with port 8081 (http)
2026-05-30T21:09:01.899+05:30  INFO 26860 --- [main] o.apache.catalina.core.StandardService   : Starting service [Tomcat]
2026-05-30T21:09:01.900+05:30  INFO 26860 --- [main] o.apache.catalina.core.StandardEngine    : Starting Servlet engine: [Apache Tomcat/10.1.42]
2026-05-30T21:09:01.982+05:30  INFO 26860 --- [main] o.a.c.c.C.[Tomcat].[localhost].[/]       : Initializing Spring embedded WebApplicationContext
2026-05-30T21:09:01.983+05:30  INFO 26860 --- [main] w.s.c.ServletWebServerApplicationContext : Root WebApplicationContext: initialization completed in 1482 ms
2026-05-30T21:09:02.187+05:30  INFO 26860 --- [main] o.hibernate.jpa.internal.util.LogHelper  : HHH000204: Processing PersistenceUnitInfo [name: default]
2026-05-30T21:09:02.272+05:30  INFO 26860 --- [main] org.hibernate.Version                    : HHH000412: Hibernate ORM core version 6.6.18.Final
2026-05-30T21:09:02.324+05:30  INFO 26860 --- [main] o.h.c.internal.RegionFactoryInitiator    : HHH000026: Second-level cache disabled
2026-05-30T21:09:02.700+05:30  INFO 26860 --- [main] o.s.o.j.p.SpringPersistenceUnitInfo      : No LoadTimeWeaver setup: ignoring JPA class transformer
2026-05-30T21:09:02.755+05:30  INFO 26860 --- [main] com.zaxxer.hikari.HikariDataSource       : HikariPool-1 - Starting...
2026-05-30T21:09:02.956+05:30  INFO 26860 --- [main] com.zaxxer.hikari.pool.HikariPool        : HikariPool-1 - Added connection org.postgresql.jdbc.PgConnection@636dbfe7
2026-05-30T21:09:02.958+05:30  INFO 26860 --- [main] com.zaxxer.hikari.HikariDataSource       : HikariPool-1 - Start completed.
2026-05-30T21:09:03.004+05:30  WARN 26860 --- [main] org.hibernate.orm.deprecation            : HHH90000025: PostgreSQLDialect does not need to be specified explicitly using 'hibernate.dialect' (remove the property setting and it will be selected by default)
2026-05-30T21:09:03.033+05:30  INFO 26860 --- [main] org.hibernate.orm.connections.pooling    : HHH10001005: Database info:
	Database JDBC URL [Connecting through datasource 'HikariDataSource (HikariPool-1)']
	Database driver: undefined/unknown
	Database version: 16.14
	Autocommit mode: undefined/unknown
	Isolation level: undefined/unknown
	Minimum pool size: undefined/unknown
	Maximum pool size: undefined/unknown
2026-05-30T21:09:04.009+05:30  INFO 26860 --- [main] o.h.e.t.j.p.i.JtaPlatformInitiator       : HHH000489: No JTA platform available (set 'hibernate.transaction.jta.platform' to enable JTA platform integration)
2026-05-30T21:09:04.085+05:30  INFO 26860 --- [main] j.LocalContainerEntityManagerFactoryBean : Initialized JPA EntityManagerFactory for persistence unit 'default'
2026-05-30T21:09:04.420+05:30  WARN 26860 --- [main] JpaBaseConfiguration$JpaWebConfiguration : spring.jpa.open-in-view is enabled by default. Therefore, database queries may be performed during view rendering. Explicitly configure spring.jpa.open-in-view to disable this warning
2026-05-30T21:09:04.452+05:30 TRACE 26860 --- [main] eGlobalAuthenticationAutowiredConfigurer : Eagerly initializing {org.springframework.boot.autoconfigure.security.servlet.SpringBootWebSecurityConfiguration$WebSecurityEnablerConfiguration=org.springframework.boot.autoconfigure.security.servlet.SpringBootWebSecurityConfiguration$WebSecurityEnablerConfiguration@6b9fc5c7}
2026-05-30T21:09:04.457+05:30  WARN 26860 --- [main] .s.s.UserDetailsServiceAutoConfiguration : 

Using generated security password: 05911706-417a-4051-967d-955269779ecd

This generated password is for development use only. Your security configuration must be updated before running your application in production.

2026-05-30T21:09:04.465+05:30  INFO 26860 --- [main] r$InitializeUserDetailsManagerConfigurer : Global AuthenticationManager configured with UserDetailsService bean with name inMemoryUserDetailsManager
2026-05-30T21:09:04.646+05:30 DEBUG 26860 --- [main] s.w.s.m.m.a.RequestMappingHandlerMapping : 5 mappings in 'requestMappingHandlerMapping'
2026-05-30T21:09:04.737+05:30 DEBUG 26860 --- [main] o.s.w.s.handler.SimpleUrlHandlerMapping  : Patterns [/webjars/**, /**] in 'resourceHandlerMapping'
2026-05-30T21:09:04.776+05:30 DEBUG 26860 --- [main] o.s.s.web.DefaultSecurityFilterChain     : Will secure any request with filters: DisableEncodeUrlFilter, WebAsyncManagerIntegrationFilter, SecurityContextHolderFilter, HeaderWriterFilter, LogoutFilter, JwtAuthenticationFilter, RequestCacheAwareFilter, SecurityContextHolderAwareRequestFilter, AnonymousAuthenticationFilter, ExceptionTranslationFilter, AuthorizationFilter
2026-05-30T21:09:04.838+05:30 DEBUG 26860 --- [main] s.w.s.m.m.a.RequestMappingHandlerAdapter : ControllerAdvice beans: 0 @ModelAttribute, 0 @InitBinder, 1 RequestBodyAdvice, 1 ResponseBodyAdvice
2026-05-30T21:09:04.884+05:30 DEBUG 26860 --- [main] .m.m.a.ExceptionHandlerExceptionResolver : ControllerAdvice beans: 0 @ExceptionHandler, 1 ResponseBodyAdvice
2026-05-30T21:09:05.033+05:30  INFO 26860 --- [main] o.s.b.w.embedded.tomcat.TomcatWebServer  : Tomcat started on port 8081 (http) with context path '/'
2026-05-30T21:09:05.041+05:30  INFO 26860 --- [main] c.a.auth_service.AuthServiceApplication  : Started AuthServiceApplication in 5.207 seconds (process running for 5.608)
2026-05-30T21:09:18.573+05:30  INFO 26860 --- [http-nio-8081-exec-1] o.a.c.c.C.[Tomcat].[localhost].[/]       : Initializing Spring DispatcherServlet 'dispatcherServlet'
2026-05-30T21:09:18.575+05:30  INFO 26860 --- [http-nio-8081-exec-1] o.s.web.servlet.DispatcherServlet        : Initializing Servlet 'dispatcherServlet'
2026-05-30T21:09:18.576+05:30 TRACE 26860 --- [http-nio-8081-exec-1] o.s.web.servlet.DispatcherServlet        : Detected org.springframework.web.multipart.support.StandardServletMultipartResolver@396f3bf2
2026-05-30T21:09:18.576+05:30 TRACE 26860 --- [http-nio-8081-exec-1] o.s.web.servlet.DispatcherServlet        : Detected org.springframework.web.servlet.i18n.AcceptHeaderLocaleResolver@7e4c0bc7
2026-05-30T21:09:18.577+05:30 TRACE 26860 --- [http-nio-8081-exec-1] o.s.web.servlet.DispatcherServlet        : Detected org.springframework.web.servlet.theme.FixedThemeResolver@5b5f61cc
2026-05-30T21:09:18.579+05:30 TRACE 26860 --- [http-nio-8081-exec-1] o.s.web.servlet.DispatcherServlet        : Detected DefaultRequestToViewNameTranslator
2026-05-30T21:09:18.581+05:30 TRACE 26860 --- [http-nio-8081-exec-1] o.s.web.servlet.DispatcherServlet        : Detected SessionFlashMapManager
2026-05-30T21:09:18.583+05:30 DEBUG 26860 --- [http-nio-8081-exec-1] o.s.web.servlet.DispatcherServlet        : enableLoggingRequestDetails='false': request parameters and headers will be masked to prevent unsafe logging of potentially sensitive data
2026-05-30T21:09:18.583+05:30  INFO 26860 --- [http-nio-8081-exec-1] o.s.web.servlet.DispatcherServlet        : Completed initialization in 8 ms
2026-05-30T21:09:18.643+05:30 TRACE 26860 --- [http-nio-8081-exec-1] o.s.security.web.FilterChainProxy        : Trying to match request against DefaultSecurityFilterChain defined as 'securityFilterChain' in [class path resource [com/aiops/auth_service/config/SecurityConfig.class]] matching [any request] and having filters [DisableEncodeUrl, WebAsyncManagerIntegration, SecurityContextHolder, HeaderWriter, Logout, JwtAuthentication, RequestCacheAware, SecurityContextHolderAwareRequest, AnonymousAuthentication, ExceptionTranslation, Authorization] (1/1)
2026-05-30T21:09:18.646+05:30 DEBUG 26860 --- [http-nio-8081-exec-1] o.s.security.web.FilterChainProxy        : Securing POST /api/v1/auth/login
2026-05-30T21:09:18.648+05:30 TRACE 26860 --- [http-nio-8081-exec-1] o.s.security.web.FilterChainProxy        : Invoking DisableEncodeUrlFilter (1/11)
2026-05-30T21:09:18.650+05:30 TRACE 26860 --- [http-nio-8081-exec-1] o.s.security.web.FilterChainProxy        : Invoking WebAsyncManagerIntegrationFilter (2/11)
2026-05-30T21:09:18.659+05:30 TRACE 26860 --- [http-nio-8081-exec-1] o.s.security.web.FilterChainProxy        : Invoking SecurityContextHolderFilter (3/11)
2026-05-30T21:09:18.665+05:30 TRACE 26860 --- [http-nio-8081-exec-1] o.s.security.web.FilterChainProxy        : Invoking HeaderWriterFilter (4/11)
2026-05-30T21:09:18.671+05:30 TRACE 26860 --- [http-nio-8081-exec-1] o.s.security.web.FilterChainProxy        : Invoking LogoutFilter (5/11)
2026-05-30T21:09:18.672+05:30 TRACE 26860 --- [http-nio-8081-exec-1] o.s.s.w.a.logout.LogoutFilter            : Did not match request to Or [Ant [pattern='/logout', GET], Ant [pattern='/logout', POST], Ant [pattern='/logout', PUT], Ant [pattern='/logout', DELETE]]
2026-05-30T21:09:18.673+05:30 TRACE 26860 --- [http-nio-8081-exec-1] o.s.security.web.FilterChainProxy        : Invoking JwtAuthenticationFilter (6/11)
2026-05-30T21:09:18.674+05:30 TRACE 26860 --- [http-nio-8081-exec-1] o.s.security.web.FilterChainProxy        : Invoking RequestCacheAwareFilter (7/11)
2026-05-30T21:09:18.674+05:30 TRACE 26860 --- [http-nio-8081-exec-1] o.s.s.w.s.HttpSessionRequestCache        : matchingRequestParameterName is required for getMatchingRequest to lookup a value, but not provided
2026-05-30T21:09:18.675+05:30 TRACE 26860 --- [http-nio-8081-exec-1] o.s.security.web.FilterChainProxy        : Invoking SecurityContextHolderAwareRequestFilter (8/11)
2026-05-30T21:09:18.679+05:30 TRACE 26860 --- [http-nio-8081-exec-1] o.s.security.web.FilterChainProxy        : Invoking AnonymousAuthenticationFilter (9/11)
2026-05-30T21:09:18.680+05:30 TRACE 26860 --- [http-nio-8081-exec-1] o.s.security.web.FilterChainProxy        : Invoking ExceptionTranslationFilter (10/11)
2026-05-30T21:09:18.681+05:30 TRACE 26860 --- [http-nio-8081-exec-1] o.s.security.web.FilterChainProxy        : Invoking AuthorizationFilter (11/11)
2026-05-30T21:09:18.683+05:30 TRACE 26860 --- [http-nio-8081-exec-1] estMatcherDelegatingAuthorizationManager : Authorizing POST /api/v1/auth/login
2026-05-30T21:09:18.689+05:30 TRACE 26860 --- [http-nio-8081-exec-1] estMatcherDelegatingAuthorizationManager : Checking authorization on POST /api/v1/auth/login using org.springframework.security.authorization.SingleResultAuthorizationManager@21499901
2026-05-30T21:09:18.691+05:30 DEBUG 26860 --- [http-nio-8081-exec-1] o.s.security.web.FilterChainProxy        : Secured POST /api/v1/auth/login
2026-05-30T21:09:18.699+05:30 TRACE 26860 --- [http-nio-8081-exec-1] o.s.web.servlet.DispatcherServlet        : POST "/api/v1/auth/login", parameters={}, headers={masked} in DispatcherServlet 'dispatcherServlet'
2026-05-30T21:09:18.705+05:30 DEBUG 26860 --- [http-nio-8081-exec-1] s.w.s.m.m.a.RequestMappingHandlerMapping : Mapped to com.aiops.auth_service.controller.AuthController#login(LoginRequest)
2026-05-30T21:09:18.952+05:30 DEBUG 26860 --- [http-nio-8081-exec-1] m.m.a.RequestResponseBodyMethodProcessor : Read "application/json;charset=UTF-8" to [com.aiops.auth_service.dto.LoginRequest@4d6a09c9]
2026-05-30T21:09:19.445+05:30 DEBUG 26860 --- [http-nio-8081-exec-1] m.m.a.RequestResponseBodyMethodProcessor : Using 'application/json', given [*/*] and supported [application/json, application/*+json]
2026-05-30T21:09:19.446+05:30 DEBUG 26860 --- [http-nio-8081-exec-1] m.m.a.RequestResponseBodyMethodProcessor : Writing [com.aiops.auth_service.dto.AuthResponse@7266ce67]
2026-05-30T21:09:19.463+05:30 TRACE 26860 --- [http-nio-8081-exec-1] o.s.s.w.header.writers.HstsHeaderWriter  : Not injecting HSTS header since it did not match request to [Is Secure]
2026-05-30T21:09:19.471+05:30 TRACE 26860 --- [http-nio-8081-exec-1] o.s.web.servlet.DispatcherServlet        : No view rendering, null ModelAndView returned.
2026-05-30T21:09:19.474+05:30 DEBUG 26860 --- [http-nio-8081-exec-1] o.s.web.servlet.DispatcherServlet        : Completed 200 OK, headers={masked}
2026-05-30T21:09:19.476+05:30 TRACE 26860 --- [http-nio-8081-exec-1] w.c.HttpSessionSecurityContextRepository : No HttpSession currently exists
2026-05-30T21:09:19.476+05:30 TRACE 26860 --- [http-nio-8081-exec-1] .s.s.w.c.SupplierDeferredSecurityContext : Created SecurityContextImpl [Null authentication]
2026-05-30T21:09:19.477+05:30 TRACE 26860 --- [http-nio-8081-exec-1] .s.s.w.c.SupplierDeferredSecurityContext : Created SecurityContextImpl [Null authentication]
2026-05-30T21:09:19.480+05:30 TRACE 26860 --- [http-nio-8081-exec-1] o.s.s.w.a.AnonymousAuthenticationFilter  : Set SecurityContextHolder to AnonymousAuthenticationToken [Principal=anonymousUser, Credentials=[PROTECTED], Authenticated=true, Details=WebAuthenticationDetails [RemoteIpAddress=0:0:0:0:0:0:0:1, SessionId=null], Granted Authorities=[ROLE_ANONYMOUS]]
2026-05-30T21:09:59.943+05:30 TRACE 26860 --- [http-nio-8081-exec-2] o.s.security.web.FilterChainProxy        : Trying to match request against DefaultSecurityFilterChain defined as 'securityFilterChain' in [class path resource [com/aiops/auth_service/config/SecurityConfig.class]] matching [any request] and having filters [DisableEncodeUrl, WebAsyncManagerIntegration, SecurityContextHolder, HeaderWriter, Logout, JwtAuthentication, RequestCacheAware, SecurityContextHolderAwareRequest, AnonymousAuthentication, ExceptionTranslation, Authorization] (1/1)
2026-05-30T21:09:59.944+05:30 DEBUG 26860 --- [http-nio-8081-exec-2] o.s.security.web.FilterChainProxy        : Securing GET /test
2026-05-30T21:09:59.945+05:30 TRACE 26860 --- [http-nio-8081-exec-2] o.s.security.web.FilterChainProxy        : Invoking DisableEncodeUrlFilter (1/11)
2026-05-30T21:09:59.946+05:30 TRACE 26860 --- [http-nio-8081-exec-2] o.s.security.web.FilterChainProxy        : Invoking WebAsyncManagerIntegrationFilter (2/11)
2026-05-30T21:09:59.947+05:30 TRACE 26860 --- [http-nio-8081-exec-2] o.s.security.web.FilterChainProxy        : Invoking SecurityContextHolderFilter (3/11)
2026-05-30T21:09:59.947+05:30 TRACE 26860 --- [http-nio-8081-exec-2] o.s.security.web.FilterChainProxy        : Invoking HeaderWriterFilter (4/11)
2026-05-30T21:09:59.948+05:30 TRACE 26860 --- [http-nio-8081-exec-2] o.s.security.web.FilterChainProxy        : Invoking LogoutFilter (5/11)
2026-05-30T21:09:59.949+05:30 TRACE 26860 --- [http-nio-8081-exec-2] o.s.s.w.a.logout.LogoutFilter            : Did not match request to Or [Ant [pattern='/logout', GET], Ant [pattern='/logout', POST], Ant [pattern='/logout', PUT], Ant [pattern='/logout', DELETE]]
2026-05-30T21:09:59.950+05:30 TRACE 26860 --- [http-nio-8081-exec-2] o.s.security.web.FilterChainProxy        : Invoking JwtAuthenticationFilter (6/11)
2026-05-30T21:10:00.023+05:30 TRACE 26860 --- [http-nio-8081-exec-2] w.c.HttpSessionSecurityContextRepository : No HttpSession currently exists
2026-05-30T21:10:00.024+05:30 TRACE 26860 --- [http-nio-8081-exec-2] .s.s.w.c.SupplierDeferredSecurityContext : Created SecurityContextImpl [Null authentication]
2026-05-30T21:10:00.025+05:30 TRACE 26860 --- [http-nio-8081-exec-2] .s.s.w.c.SupplierDeferredSecurityContext : Created SecurityContextImpl [Null authentication]
2026-05-30T21:10:00.026+05:30 TRACE 26860 --- [http-nio-8081-exec-2] o.s.security.web.FilterChainProxy        : Invoking RequestCacheAwareFilter (7/11)
2026-05-30T21:10:00.027+05:30 TRACE 26860 --- [http-nio-8081-exec-2] o.s.s.w.s.HttpSessionRequestCache        : matchingRequestParameterName is required for getMatchingRequest to lookup a value, but not provided
2026-05-30T21:10:00.027+05:30 TRACE 26860 --- [http-nio-8081-exec-2] o.s.security.web.FilterChainProxy        : Invoking SecurityContextHolderAwareRequestFilter (8/11)
2026-05-30T21:10:00.027+05:30 TRACE 26860 --- [http-nio-8081-exec-2] o.s.security.web.FilterChainProxy        : Invoking AnonymousAuthenticationFilter (9/11)
2026-05-30T21:10:00.028+05:30 TRACE 26860 --- [http-nio-8081-exec-2] o.s.security.web.FilterChainProxy        : Invoking ExceptionTranslationFilter (10/11)
2026-05-30T21:10:00.030+05:30 TRACE 26860 --- [http-nio-8081-exec-2] o.s.security.web.FilterChainProxy        : Invoking AuthorizationFilter (11/11)
2026-05-30T21:10:00.031+05:30 TRACE 26860 --- [http-nio-8081-exec-2] estMatcherDelegatingAuthorizationManager : Authorizing GET /test
2026-05-30T21:10:00.032+05:30 TRACE 26860 --- [http-nio-8081-exec-2] estMatcherDelegatingAuthorizationManager : Checking authorization on GET /test using org.springframework.security.authorization.AuthenticatedAuthorizationManager@34630b51
2026-05-30T21:10:00.033+05:30 TRACE 26860 --- [http-nio-8081-exec-2] o.s.s.w.a.AnonymousAuthenticationFilter  : Did not set SecurityContextHolder since already authenticated UsernamePasswordAuthenticationToken [Principal=saumya@example.com, Credentials=[PROTECTED], Authenticated=true, Details=null, Granted Authorities=[]]
2026-05-30T21:10:00.034+05:30 DEBUG 26860 --- [http-nio-8081-exec-2] o.s.security.web.FilterChainProxy        : Secured GET /test
2026-05-30T21:10:00.035+05:30 TRACE 26860 --- [http-nio-8081-exec-2] o.s.web.servlet.DispatcherServlet        : GET "/test", parameters={}, headers={masked} in DispatcherServlet 'dispatcherServlet'
2026-05-30T21:10:00.037+05:30 DEBUG 26860 --- [http-nio-8081-exec-2] o.s.w.s.handler.SimpleUrlHandlerMapping  : Mapped to ResourceHttpRequestHandler [classpath [META-INF/resources/], classpath [resources/], classpath [static/], classpath [public/], ServletContext [/]]
2026-05-30T21:10:00.044+05:30 DEBUG 26860 --- [http-nio-8081-exec-2] o.s.w.s.r.ResourceHttpRequestHandler     : Resource not found
2026-05-30T21:10:00.050+05:30 TRACE 26860 --- [http-nio-8081-exec-2] o.s.s.w.header.writers.HstsHeaderWriter  : Not injecting HSTS header since it did not match request to [Is Secure]
2026-05-30T21:10:00.054+05:30 DEBUG 26860 --- [http-nio-8081-exec-2] .w.s.m.s.DefaultHandlerExceptionResolver : Resolved [org.springframework.web.servlet.resource.NoResourceFoundException: No static resource test.]
2026-05-30T21:10:00.055+05:30 TRACE 26860 --- [http-nio-8081-exec-2] o.s.web.servlet.DispatcherServlet        : No view rendering, null ModelAndView returned.
2026-05-30T21:10:00.056+05:30 DEBUG 26860 --- [http-nio-8081-exec-2] o.s.web.servlet.DispatcherServlet        : Completed 404 NOT_FOUND, headers={masked}
2026-05-30T21:10:00.074+05:30 TRACE 26860 --- [http-nio-8081-exec-2] o.s.security.web.FilterChainProxy        : Trying to match request against DefaultSecurityFilterChain defined as 'securityFilterChain' in [class path resource [com/aiops/auth_service/config/SecurityConfig.class]] matching [any request] and having filters [DisableEncodeUrl, WebAsyncManagerIntegration, SecurityContextHolder, HeaderWriter, Logout, JwtAuthentication, RequestCacheAware, SecurityContextHolderAwareRequest, AnonymousAuthentication, ExceptionTranslation, Authorization] (1/1)
2026-05-30T21:10:00.075+05:30 DEBUG 26860 --- [http-nio-8081-exec-2] o.s.security.web.FilterChainProxy        : Securing GET /error
2026-05-30T21:10:00.076+05:30 TRACE 26860 --- [http-nio-8081-exec-2] o.s.security.web.FilterChainProxy        : Invoking DisableEncodeUrlFilter (1/11)
2026-05-30T21:10:00.077+05:30 TRACE 26860 --- [http-nio-8081-exec-2] o.s.security.web.FilterChainProxy        : Invoking WebAsyncManagerIntegrationFilter (2/11)
2026-05-30T21:10:00.078+05:30 TRACE 26860 --- [http-nio-8081-exec-2] o.s.security.web.FilterChainProxy        : Invoking SecurityContextHolderFilter (3/11)
2026-05-30T21:10:00.079+05:30 TRACE 26860 --- [http-nio-8081-exec-2] o.s.security.web.FilterChainProxy        : Invoking HeaderWriterFilter (4/11)
2026-05-30T21:10:00.079+05:30 TRACE 26860 --- [http-nio-8081-exec-2] o.s.security.web.FilterChainProxy        : Invoking LogoutFilter (5/11)
2026-05-30T21:10:00.080+05:30 TRACE 26860 --- [http-nio-8081-exec-2] o.s.s.w.a.logout.LogoutFilter            : Did not match request to Or [Ant [pattern='/logout', GET], Ant [pattern='/logout', POST], Ant [pattern='/logout', PUT], Ant [pattern='/logout', DELETE]]
2026-05-30T21:10:00.080+05:30 TRACE 26860 --- [http-nio-8081-exec-2] o.s.security.web.FilterChainProxy        : Invoking JwtAuthenticationFilter (6/11)
2026-05-30T21:10:00.081+05:30 TRACE 26860 --- [http-nio-8081-exec-2] o.s.security.web.FilterChainProxy        : Invoking RequestCacheAwareFilter (7/11)
2026-05-30T21:10:00.081+05:30 TRACE 26860 --- [http-nio-8081-exec-2] o.s.s.w.s.HttpSessionRequestCache        : matchingRequestParameterName is required for getMatchingRequest to lookup a value, but not provided
2026-05-30T21:10:00.082+05:30 TRACE 26860 --- [http-nio-8081-exec-2] o.s.security.web.FilterChainProxy        : Invoking SecurityContextHolderAwareRequestFilter (8/11)
2026-05-30T21:10:00.082+05:30 TRACE 26860 --- [http-nio-8081-exec-2] o.s.security.web.FilterChainProxy        : Invoking AnonymousAuthenticationFilter (9/11)
2026-05-30T21:10:00.083+05:30 TRACE 26860 --- [http-nio-8081-exec-2] o.s.security.web.FilterChainProxy        : Invoking ExceptionTranslationFilter (10/11)
2026-05-30T21:10:00.084+05:30 TRACE 26860 --- [http-nio-8081-exec-2] o.s.security.web.FilterChainProxy        : Invoking AuthorizationFilter (11/11)
2026-05-30T21:10:00.084+05:30 TRACE 26860 --- [http-nio-8081-exec-2] estMatcherDelegatingAuthorizationManager : Authorizing GET /error
2026-05-30T21:10:00.084+05:30 TRACE 26860 --- [http-nio-8081-exec-2] estMatcherDelegatingAuthorizationManager : Checking authorization on GET /error using org.springframework.security.authorization.AuthenticatedAuthorizationManager@34630b51
2026-05-30T21:10:00.085+05:30 TRACE 26860 --- [http-nio-8081-exec-2] w.c.HttpSessionSecurityContextRepository : No HttpSession currently exists
2026-05-30T21:10:00.086+05:30 TRACE 26860 --- [http-nio-8081-exec-2] .s.s.w.c.SupplierDeferredSecurityContext : Created SecurityContextImpl [Null authentication]
2026-05-30T21:10:00.086+05:30 TRACE 26860 --- [http-nio-8081-exec-2] .s.s.w.c.SupplierDeferredSecurityContext : Created SecurityContextImpl [Null authentication]
2026-05-30T21:10:00.087+05:30 TRACE 26860 --- [http-nio-8081-exec-2] o.s.s.w.a.AnonymousAuthenticationFilter  : Set SecurityContextHolder to AnonymousAuthenticationToken [Principal=anonymousUser, Credentials=[PROTECTED], Authenticated=true, Details=WebAuthenticationDetails [RemoteIpAddress=0:0:0:0:0:0:0:1, SessionId=null], Granted Authorities=[ROLE_ANONYMOUS]]
2026-05-30T21:10:00.089+05:30 TRACE 26860 --- [http-nio-8081-exec-2] o.s.s.w.a.ExceptionTranslationFilter     : Sending AnonymousAuthenticationToken [Principal=anonymousUser, Credentials=[PROTECTED], Authenticated=true, Details=WebAuthenticationDetails [RemoteIpAddress=0:0:0:0:0:0:0:1, SessionId=null], Granted Authorities=[ROLE_ANONYMOUS]] to authentication entry point since access is denied

org.springframework.security.authorization.AuthorizationDeniedException: Access Denied
	at org.springframework.security.web.access.intercept.AuthorizationFilter.doFilter(AuthorizationFilter.java:99) ~[spring-security-web-6.5.1.jar:6.5.1]
	at org.springframework.security.web.FilterChainProxy$VirtualFilterChain.doFilter(FilterChainProxy.java:374) ~[spring-security-web-6.5.1.jar:6.5.1]
	at org.springframework.security.web.access.ExceptionTranslationFilter.doFilter(ExceptionTranslationFilter.java:125) ~[spring-security-web-6.5.1.jar:6.5.1]
	at org.springframework.security.web.access.ExceptionTranslationFilter.doFilter(ExceptionTranslationFilter.java:119) ~[spring-security-web-6.5.1.jar:6.5.1]
	at org.springframework.security.web.FilterChainProxy$VirtualFilterChain.doFilter(FilterChainProxy.java:374) ~[spring-security-web-6.5.1.jar:6.5.1]
	at org.springframework.security.web.authentication.AnonymousAuthenticationFilter.doFilter(AnonymousAuthenticationFilter.java:100) ~[spring-security-web-6.5.1.jar:6.5.1]
	at org.springframework.security.web.FilterChainProxy$VirtualFilterChain.doFilter(FilterChainProxy.java:374) ~[spring-security-web-6.5.1.jar:6.5.1]
	at org.springframework.security.web.servletapi.SecurityContextHolderAwareRequestFilter.doFilter(SecurityContextHolderAwareRequestFilter.java:179) ~[spring-security-web-6.5.1.jar:6.5.1]
	at org.springframework.security.web.FilterChainProxy$VirtualFilterChain.doFilter(FilterChainProxy.java:374) ~[spring-security-web-6.5.1.jar:6.5.1]
	at org.springframework.security.web.savedrequest.RequestCacheAwareFilter.doFilter(RequestCacheAwareFilter.java:63) ~[spring-security-web-6.5.1.jar:6.5.1]
	at org.springframework.security.web.FilterChainProxy$VirtualFilterChain.doFilter(FilterChainProxy.java:374) ~[spring-security-web-6.5.1.jar:6.5.1]
	at org.springframework.web.filter.OncePerRequestFilter.doFilter(OncePerRequestFilter.java:101) ~[spring-web-6.2.8.jar:6.2.8]
	at org.springframework.security.web.FilterChainProxy$VirtualFilterChain.doFilter(FilterChainProxy.java:374) ~[spring-security-web-6.5.1.jar:6.5.1]
	at org.springframework.security.web.authentication.logout.LogoutFilter.doFilter(LogoutFilter.java:107) ~[spring-security-web-6.5.1.jar:6.5.1]
	at org.springframework.security.web.authentication.logout.LogoutFilter.doFilter(LogoutFilter.java:93) ~[spring-security-web-6.5.1.jar:6.5.1]
	at org.springframework.security.web.FilterChainProxy$VirtualFilterChain.doFilter(FilterChainProxy.java:374) ~[spring-security-web-6.5.1.jar:6.5.1]
	at org.springframework.web.filter.OncePerRequestFilter.doFilter(OncePerRequestFilter.java:101) ~[spring-web-6.2.8.jar:6.2.8]
	at org.springframework.security.web.FilterChainProxy$VirtualFilterChain.doFilter(FilterChainProxy.java:374) ~[spring-security-web-6.5.1.jar:6.5.1]
	at org.springframework.security.web.context.SecurityContextHolderFilter.doFilter(SecurityContextHolderFilter.java:82) ~[spring-security-web-6.5.1.jar:6.5.1]
	at org.springframework.security.web.context.SecurityContextHolderFilter.doFilter(SecurityContextHolderFilter.java:69) ~[spring-security-web-6.5.1.jar:6.5.1]
	at org.springframework.security.web.FilterChainProxy$VirtualFilterChain.doFilter(FilterChainProxy.java:374) ~[spring-security-web-6.5.1.jar:6.5.1]
	at org.springframework.web.filter.OncePerRequestFilter.doFilter(OncePerRequestFilter.java:101) ~[spring-web-6.2.8.jar:6.2.8]
	at org.springframework.security.web.FilterChainProxy$VirtualFilterChain.doFilter(FilterChainProxy.java:374) ~[spring-security-web-6.5.1.jar:6.5.1]
	at org.springframework.web.filter.OncePerRequestFilter.doFilter(OncePerRequestFilter.java:101) ~[spring-web-6.2.8.jar:6.2.8]
	at org.springframework.security.web.FilterChainProxy$VirtualFilterChain.doFilter(FilterChainProxy.java:374) ~[spring-security-web-6.5.1.jar:6.5.1]
	at org.springframework.security.web.FilterChainProxy.doFilterInternal(FilterChainProxy.java:233) ~[spring-security-web-6.5.1.jar:6.5.1]
	at org.springframework.security.web.FilterChainProxy.doFilter(FilterChainProxy.java:191) ~[spring-security-web-6.5.1.jar:6.5.1]
	at org.springframework.web.filter.CompositeFilter$VirtualFilterChain.doFilter(CompositeFilter.java:113) ~[spring-web-6.2.8.jar:6.2.8]
	at org.springframework.web.filter.ServletRequestPathFilter.doFilter(ServletRequestPathFilter.java:52) ~[spring-web-6.2.8.jar:6.2.8]
	at org.springframework.web.filter.CompositeFilter$VirtualFilterChain.doFilter(CompositeFilter.java:113) ~[spring-web-6.2.8.jar:6.2.8]
	at org.springframework.web.filter.CompositeFilter.doFilter(CompositeFilter.java:74) ~[spring-web-6.2.8.jar:6.2.8]
	at org.springframework.security.config.annotation.web.configuration.WebSecurityConfiguration$CompositeFilterChainProxy.doFilter(WebSecurityConfiguration.java:319) ~[spring-security-config-6.5.1.jar:6.5.1]
	at org.springframework.web.filter.CompositeFilter$VirtualFilterChain.doFilter(CompositeFilter.java:113) ~[spring-web-6.2.8.jar:6.2.8]
	at org.springframework.web.servlet.handler.HandlerMappingIntrospector.lambda$createCacheFilter$4(HandlerMappingIntrospector.java:267) ~[spring-webmvc-6.2.8.jar:6.2.8]
	at org.springframework.web.filter.CompositeFilter$VirtualFilterChain.doFilter(CompositeFilter.java:113) ~[spring-web-6.2.8.jar:6.2.8]
	at org.springframework.web.filter.CompositeFilter.doFilter(CompositeFilter.java:74) ~[spring-web-6.2.8.jar:6.2.8]
	at org.springframework.security.config.annotation.web.configuration.WebMvcSecurityConfiguration$CompositeFilterChainProxy.doFilter(WebMvcSecurityConfiguration.java:240) ~[spring-security-config-6.5.1.jar:6.5.1]
	at org.springframework.web.filter.DelegatingFilterProxy.invokeDelegate(DelegatingFilterProxy.java:362) ~[spring-web-6.2.8.jar:6.2.8]
	at org.springframework.web.filter.DelegatingFilterProxy.doFilter(DelegatingFilterProxy.java:278) ~[spring-web-6.2.8.jar:6.2.8]
	at org.apache.catalina.core.ApplicationFilterChain.internalDoFilter(ApplicationFilterChain.java:164) ~[tomcat-embed-core-10.1.42.jar:10.1.42]
	at org.apache.catalina.core.ApplicationFilterChain.doFilter(ApplicationFilterChain.java:140) ~[tomcat-embed-core-10.1.42.jar:10.1.42]
	at org.springframework.web.filter.RequestContextFilter.doFilterInternal(RequestContextFilter.java:100) ~[spring-web-6.2.8.jar:6.2.8]
	at org.springframework.web.filter.OncePerRequestFilter.doFilter(OncePerRequestFilter.java:116) ~[spring-web-6.2.8.jar:6.2.8]
	at org.apache.catalina.core.ApplicationFilterChain.internalDoFilter(ApplicationFilterChain.java:164) ~[tomcat-embed-core-10.1.42.jar:10.1.42]
	at org.apache.catalina.core.ApplicationFilterChain.doFilter(ApplicationFilterChain.java:140) ~[tomcat-embed-core-10.1.42.jar:10.1.42]
	at org.springframework.web.filter.OncePerRequestFilter.doFilter(OncePerRequestFilter.java:101) ~[spring-web-6.2.8.jar:6.2.8]
	at org.apache.catalina.core.ApplicationFilterChain.internalDoFilter(ApplicationFilterChain.java:164) ~[tomcat-embed-core-10.1.42.jar:10.1.42]
	at org.apache.catalina.core.ApplicationFilterChain.doFilter(ApplicationFilterChain.java:140) ~[tomcat-embed-core-10.1.42.jar:10.1.42]
	at org.springframework.web.filter.OncePerRequestFilter.doFilter(OncePerRequestFilter.java:101) ~[spring-web-6.2.8.jar:6.2.8]
	at org.apache.catalina.core.ApplicationFilterChain.internalDoFilter(ApplicationFilterChain.java:164) ~[tomcat-embed-core-10.1.42.jar:10.1.42]
	at org.apache.catalina.core.ApplicationFilterChain.doFilter(ApplicationFilterChain.java:140) ~[tomcat-embed-core-10.1.42.jar:10.1.42]
	at org.apache.catalina.core.ApplicationDispatcher.invoke(ApplicationDispatcher.java:612) ~[tomcat-embed-core-10.1.42.jar:10.1.42]
	at org.apache.catalina.core.ApplicationDispatcher.processRequest(ApplicationDispatcher.java:396) ~[tomcat-embed-core-10.1.42.jar:10.1.42]
	at org.apache.catalina.core.ApplicationDispatcher.doForward(ApplicationDispatcher.java:323) ~[tomcat-embed-core-10.1.42.jar:10.1.42]
	at org.apache.catalina.core.ApplicationDispatcher.forward(ApplicationDispatcher.java:268) ~[tomcat-embed-core-10.1.42.jar:10.1.42]
	at org.apache.catalina.core.StandardHostValve.custom(StandardHostValve.java:377) ~[tomcat-embed-core-10.1.42.jar:10.1.42]
	at org.apache.catalina.core.StandardHostValve.status(StandardHostValve.java:209) ~[tomcat-embed-core-10.1.42.jar:10.1.42]
	at org.apache.catalina.core.StandardHostValve.invoke(StandardHostValve.java:152) ~[tomcat-embed-core-10.1.42.jar:10.1.42]
	at org.apache.catalina.valves.ErrorReportValve.invoke(ErrorReportValve.java:93) ~[tomcat-embed-core-10.1.42.jar:10.1.42]
	at org.apache.catalina.core.StandardEngineValve.invoke(StandardEngineValve.java:74) ~[tomcat-embed-core-10.1.42.jar:10.1.42]
	at org.apache.catalina.connector.CoyoteAdapter.service(CoyoteAdapter.java:344) ~[tomcat-embed-core-10.1.42.jar:10.1.42]
	at org.apache.coyote.http11.Http11Processor.service(Http11Processor.java:398) ~[tomcat-embed-core-10.1.42.jar:10.1.42]
	at org.apache.coyote.AbstractProcessorLight.process(AbstractProcessorLight.java:63) ~[tomcat-embed-core-10.1.42.jar:10.1.42]
	at org.apache.coyote.AbstractProtocol$ConnectionHandler.process(AbstractProtocol.java:903) ~[tomcat-embed-core-10.1.42.jar:10.1.42]
	at org.apache.tomcat.util.net.NioEndpoint$SocketProcessor.doRun(NioEndpoint.java:1769) ~[tomcat-embed-core-10.1.42.jar:10.1.42]
	at org.apache.tomcat.util.net.SocketProcessorBase.run(SocketProcessorBase.java:52) ~[tomcat-embed-core-10.1.42.jar:10.1.42]
	at org.apache.tomcat.util.threads.ThreadPoolExecutor.runWorker(ThreadPoolExecutor.java:1189) ~[tomcat-embed-core-10.1.42.jar:10.1.42]
	at org.apache.tomcat.util.threads.ThreadPoolExecutor$Worker.run(ThreadPoolExecutor.java:658) ~[tomcat-embed-core-10.1.42.jar:10.1.42]
	at org.apache.tomcat.util.threads.TaskThread$WrappingRunnable.run(TaskThread.java:63) ~[tomcat-embed-core-10.1.42.jar:10.1.42]
	at java.base/java.lang.Thread.run(Thread.java:1570) ~[na:na]

2026-05-30T21:10:00.142+05:30 DEBUG 26860 --- [http-nio-8081-exec-2] o.s.s.w.s.HttpSessionRequestCache        : Saved request http://localhost:8081/error?continue to session
2026-05-30T21:10:00.142+05:30 DEBUG 26860 --- [http-nio-8081-exec-2] o.s.s.w.a.Http403ForbiddenEntryPoint     : Pre-authenticated entry point called. Rejecting access
2026-05-30T21:10:50.847+05:30 TRACE 26860 --- [http-nio-8081-exec-4] o.s.security.web.FilterChainProxy        : Trying to match request against DefaultSecurityFilterChain defined as 'securityFilterChain' in [class path resource [com/aiops/auth_service/config/SecurityConfig.class]] matching [any request] and having filters [DisableEncodeUrl, WebAsyncManagerIntegration, SecurityContextHolder, HeaderWriter, Logout, JwtAuthentication, RequestCacheAware, SecurityContextHolderAwareRequest, AnonymousAuthentication, ExceptionTranslation, Authorization] (1/1)
2026-05-30T21:10:50.848+05:30 DEBUG 26860 --- [http-nio-8081-exec-4] o.s.security.web.FilterChainProxy        : Securing GET /test
2026-05-30T21:10:50.849+05:30 TRACE 26860 --- [http-nio-8081-exec-4] o.s.security.web.FilterChainProxy        : Invoking DisableEncodeUrlFilter (1/11)
2026-05-30T21:10:50.850+05:30 TRACE 26860 --- [http-nio-8081-exec-4] o.s.security.web.FilterChainProxy        : Invoking WebAsyncManagerIntegrationFilter (2/11)
2026-05-30T21:10:50.851+05:30 TRACE 26860 --- [http-nio-8081-exec-4] o.s.security.web.FilterChainProxy        : Invoking SecurityContextHolderFilter (3/11)
2026-05-30T21:10:50.852+05:30 TRACE 26860 --- [http-nio-8081-exec-4] o.s.security.web.FilterChainProxy        : Invoking HeaderWriterFilter (4/11)
2026-05-30T21:10:50.853+05:30 TRACE 26860 --- [http-nio-8081-exec-4] o.s.security.web.FilterChainProxy        : Invoking LogoutFilter (5/11)
2026-05-30T21:10:50.854+05:30 TRACE 26860 --- [http-nio-8081-exec-4] o.s.s.w.a.logout.LogoutFilter            : Did not match request to Or [Ant [pattern='/logout', GET], Ant [pattern='/logout', POST], Ant [pattern='/logout', PUT], Ant [pattern='/logout', DELETE]]
2026-05-30T21:10:50.854+05:30 TRACE 26860 --- [http-nio-8081-exec-4] o.s.security.web.FilterChainProxy        : Invoking JwtAuthenticationFilter (6/11)
2026-05-30T21:10:50.861+05:30 TRACE 26860 --- [http-nio-8081-exec-4] w.c.HttpSessionSecurityContextRepository : No HttpSession currently exists
2026-05-30T21:10:50.862+05:30 TRACE 26860 --- [http-nio-8081-exec-4] .s.s.w.c.SupplierDeferredSecurityContext : Created SecurityContextImpl [Null authentication]
2026-05-30T21:10:50.864+05:30 TRACE 26860 --- [http-nio-8081-exec-4] .s.s.w.c.SupplierDeferredSecurityContext : Created SecurityContextImpl [Null authentication]
2026-05-30T21:10:50.865+05:30 TRACE 26860 --- [http-nio-8081-exec-4] o.s.security.web.FilterChainProxy        : Invoking RequestCacheAwareFilter (7/11)
2026-05-30T21:10:50.865+05:30 TRACE 26860 --- [http-nio-8081-exec-4] o.s.s.w.s.HttpSessionRequestCache        : matchingRequestParameterName is required for getMatchingRequest to lookup a value, but not provided
2026-05-30T21:10:50.866+05:30 TRACE 26860 --- [http-nio-8081-exec-4] o.s.security.web.FilterChainProxy        : Invoking SecurityContextHolderAwareRequestFilter (8/11)
2026-05-30T21:10:50.867+05:30 TRACE 26860 --- [http-nio-8081-exec-4] o.s.security.web.FilterChainProxy        : Invoking AnonymousAuthenticationFilter (9/11)
2026-05-30T21:10:50.867+05:30 TRACE 26860 --- [http-nio-8081-exec-4] o.s.security.web.FilterChainProxy        : Invoking ExceptionTranslationFilter (10/11)
2026-05-30T21:10:50.868+05:30 TRACE 26860 --- [http-nio-8081-exec-4] o.s.security.web.FilterChainProxy        : Invoking AuthorizationFilter (11/11)
2026-05-30T21:10:50.868+05:30 TRACE 26860 --- [http-nio-8081-exec-4] estMatcherDelegatingAuthorizationManager : Authorizing GET /test
2026-05-30T21:10:50.869+05:30 TRACE 26860 --- [http-nio-8081-exec-4] estMatcherDelegatingAuthorizationManager : Checking authorization on GET /test using org.springframework.security.authorization.AuthenticatedAuthorizationManager@34630b51
2026-05-30T21:10:50.871+05:30 TRACE 26860 --- [http-nio-8081-exec-4] o.s.s.w.a.AnonymousAuthenticationFilter  : Did not set SecurityContextHolder since already authenticated UsernamePasswordAuthenticationToken [Principal=saumya@example.com, Credentials=[PROTECTED], Authenticated=true, Details=null, Granted Authorities=[]]
2026-05-30T21:10:50.871+05:30 DEBUG 26860 --- [http-nio-8081-exec-4] o.s.security.web.FilterChainProxy        : Secured GET /test
2026-05-30T21:10:50.872+05:30 TRACE 26860 --- [http-nio-8081-exec-4] o.s.web.servlet.DispatcherServlet        : GET "/test", parameters={}, headers={masked} in DispatcherServlet 'dispatcherServlet'
2026-05-30T21:10:50.873+05:30 DEBUG 26860 --- [http-nio-8081-exec-4] o.s.w.s.handler.SimpleUrlHandlerMapping  : Mapped to ResourceHttpRequestHandler [classpath [META-INF/resources/], classpath [resources/], classpath [static/], classpath [public/], ServletContext [/]]
2026-05-30T21:10:50.884+05:30 DEBUG 26860 --- [http-nio-8081-exec-4] o.s.w.s.r.ResourceHttpRequestHandler     : Resource not found
2026-05-30T21:10:50.886+05:30 TRACE 26860 --- [http-nio-8081-exec-4] o.s.s.w.header.writers.HstsHeaderWriter  : Not injecting HSTS header since it did not match request to [Is Secure]
2026-05-30T21:10:50.887+05:30 DEBUG 26860 --- [http-nio-8081-exec-4] .w.s.m.s.DefaultHandlerExceptionResolver : Resolved [org.springframework.web.servlet.resource.NoResourceFoundException: No static resource test.]
2026-05-30T21:10:50.888+05:30 TRACE 26860 --- [http-nio-8081-exec-4] o.s.web.servlet.DispatcherServlet        : No view rendering, null ModelAndView returned.
2026-05-30T21:10:50.889+05:30 DEBUG 26860 --- [http-nio-8081-exec-4] o.s.web.servlet.DispatcherServlet        : Completed 404 NOT_FOUND, headers={masked}
2026-05-30T21:10:50.891+05:30 TRACE 26860 --- [http-nio-8081-exec-4] o.s.security.web.FilterChainProxy        : Trying to match request against DefaultSecurityFilterChain defined as 'securityFilterChain' in [class path resource [com/aiops/auth_service/config/SecurityConfig.class]] matching [any request] and having filters [DisableEncodeUrl, WebAsyncManagerIntegration, SecurityContextHolder, HeaderWriter, Logout, JwtAuthentication, RequestCacheAware, SecurityContextHolderAwareRequest, AnonymousAuthentication, ExceptionTranslation, Authorization] (1/1)
2026-05-30T21:10:50.892+05:30 DEBUG 26860 --- [http-nio-8081-exec-4] o.s.security.web.FilterChainProxy        : Securing GET /error
2026-05-30T21:10:50.893+05:30 TRACE 26860 --- [http-nio-8081-exec-4] o.s.security.web.FilterChainProxy        : Invoking DisableEncodeUrlFilter (1/11)
2026-05-30T21:10:50.894+05:30 TRACE 26860 --- [http-nio-8081-exec-4] o.s.security.web.FilterChainProxy        : Invoking WebAsyncManagerIntegrationFilter (2/11)
2026-05-30T21:10:50.894+05:30 TRACE 26860 --- [http-nio-8081-exec-4] o.s.security.web.FilterChainProxy        : Invoking SecurityContextHolderFilter (3/11)
2026-05-30T21:10:50.894+05:30 TRACE 26860 --- [http-nio-8081-exec-4] o.s.security.web.FilterChainProxy        : Invoking HeaderWriterFilter (4/11)
2026-05-30T21:10:50.895+05:30 TRACE 26860 --- [http-nio-8081-exec-4] o.s.security.web.FilterChainProxy        : Invoking LogoutFilter (5/11)
2026-05-30T21:10:50.896+05:30 TRACE 26860 --- [http-nio-8081-exec-4] o.s.s.w.a.logout.LogoutFilter            : Did not match request to Or [Ant [pattern='/logout', GET], Ant [pattern='/logout', POST], Ant [pattern='/logout', PUT], Ant [pattern='/logout', DELETE]]
2026-05-30T21:10:50.896+05:30 TRACE 26860 --- [http-nio-8081-exec-4] o.s.security.web.FilterChainProxy        : Invoking JwtAuthenticationFilter (6/11)
2026-05-30T21:10:50.897+05:30 TRACE 26860 --- [http-nio-8081-exec-4] o.s.security.web.FilterChainProxy        : Invoking RequestCacheAwareFilter (7/11)
2026-05-30T21:10:50.897+05:30 TRACE 26860 --- [http-nio-8081-exec-4] o.s.s.w.s.HttpSessionRequestCache        : matchingRequestParameterName is required for getMatchingRequest to lookup a value, but not provided
2026-05-30T21:10:50.897+05:30 TRACE 26860 --- [http-nio-8081-exec-4] o.s.security.web.FilterChainProxy        : Invoking SecurityContextHolderAwareRequestFilter (8/11)
2026-05-30T21:10:50.898+05:30 TRACE 26860 --- [http-nio-8081-exec-4] o.s.security.web.FilterChainProxy        : Invoking AnonymousAuthenticationFilter (9/11)
2026-05-30T21:10:50.898+05:30 TRACE 26860 --- [http-nio-8081-exec-4] o.s.security.web.FilterChainProxy        : Invoking ExceptionTranslationFilter (10/11)
2026-05-30T21:10:50.899+05:30 TRACE 26860 --- [http-nio-8081-exec-4] o.s.security.web.FilterChainProxy        : Invoking AuthorizationFilter (11/11)
2026-05-30T21:10:50.899+05:30 TRACE 26860 --- [http-nio-8081-exec-4] estMatcherDelegatingAuthorizationManager : Authorizing GET /error
2026-05-30T21:10:50.900+05:30 TRACE 26860 --- [http-nio-8081-exec-4] estMatcherDelegatingAuthorizationManager : Checking authorization on GET /error using org.springframework.security.authorization.AuthenticatedAuthorizationManager@34630b51
2026-05-30T21:10:50.900+05:30 TRACE 26860 --- [http-nio-8081-exec-4] w.c.HttpSessionSecurityContextRepository : No HttpSession currently exists
2026-05-30T21:10:50.900+05:30 TRACE 26860 --- [http-nio-8081-exec-4] .s.s.w.c.SupplierDeferredSecurityContext : Created SecurityContextImpl [Null authentication]
2026-05-30T21:10:50.901+05:30 TRACE 26860 --- [http-nio-8081-exec-4] .s.s.w.c.SupplierDeferredSecurityContext : Created SecurityContextImpl [Null authentication]
2026-05-30T21:10:50.901+05:30 TRACE 26860 --- [http-nio-8081-exec-4] o.s.s.w.a.AnonymousAuthenticationFilter  : Set SecurityContextHolder to AnonymousAuthenticationToken [Principal=anonymousUser, Credentials=[PROTECTED], Authenticated=true, Details=WebAuthenticationDetails [RemoteIpAddress=0:0:0:0:0:0:0:1, SessionId=null], Granted Authorities=[ROLE_ANONYMOUS]]
2026-05-30T21:10:50.902+05:30 TRACE 26860 --- [http-nio-8081-exec-4] o.s.s.w.a.ExceptionTranslationFilter     : Sending AnonymousAuthenticationToken [Principal=anonymousUser, Credentials=[PROTECTED], Authenticated=true, Details=WebAuthenticationDetails [RemoteIpAddress=0:0:0:0:0:0:0:1, SessionId=null], Granted Authorities=[ROLE_ANONYMOUS]] to authentication entry point since access is denied

org.springframework.security.authorization.AuthorizationDeniedException: Access Denied
	at org.springframework.security.web.access.intercept.AuthorizationFilter.doFilter(AuthorizationFilter.java:99) ~[spring-security-web-6.5.1.jar:6.5.1]
	at org.springframework.security.web.FilterChainProxy$VirtualFilterChain.doFilter(FilterChainProxy.java:374) ~[spring-security-web-6.5.1.jar:6.5.1]
	at org.springframework.security.web.access.ExceptionTranslationFilter.doFilter(ExceptionTranslationFilter.java:125) ~[spring-security-web-6.5.1.jar:6.5.1]
	at org.springframework.security.web.access.ExceptionTranslationFilter.doFilter(ExceptionTranslationFilter.java:119) ~[spring-security-web-6.5.1.jar:6.5.1]
	at org.springframework.security.web.FilterChainProxy$VirtualFilterChain.doFilter(FilterChainProxy.java:374) ~[spring-security-web-6.5.1.jar:6.5.1]
	at org.springframework.security.web.authentication.AnonymousAuthenticationFilter.doFilter(AnonymousAuthenticationFilter.java:100) ~[spring-security-web-6.5.1.jar:6.5.1]
	at org.springframework.security.web.FilterChainProxy$VirtualFilterChain.doFilter(FilterChainProxy.java:374) ~[spring-security-web-6.5.1.jar:6.5.1]
	at org.springframework.security.web.servletapi.SecurityContextHolderAwareRequestFilter.doFilter(SecurityContextHolderAwareRequestFilter.java:179) ~[spring-security-web-6.5.1.jar:6.5.1]
	at org.springframework.security.web.FilterChainProxy$VirtualFilterChain.doFilter(FilterChainProxy.java:374) ~[spring-security-web-6.5.1.jar:6.5.1]
	at org.springframework.security.web.savedrequest.RequestCacheAwareFilter.doFilter(RequestCacheAwareFilter.java:63) ~[spring-security-web-6.5.1.jar:6.5.1]
	at org.springframework.security.web.FilterChainProxy$VirtualFilterChain.doFilter(FilterChainProxy.java:374) ~[spring-security-web-6.5.1.jar:6.5.1]
	at org.springframework.web.filter.OncePerRequestFilter.doFilter(OncePerRequestFilter.java:101) ~[spring-web-6.2.8.jar:6.2.8]
	at org.springframework.security.web.FilterChainProxy$VirtualFilterChain.doFilter(FilterChainProxy.java:374) ~[spring-security-web-6.5.1.jar:6.5.1]
	at org.springframework.security.web.authentication.logout.LogoutFilter.doFilter(LogoutFilter.java:107) ~[spring-security-web-6.5.1.jar:6.5.1]
	at org.springframework.security.web.authentication.logout.LogoutFilter.doFilter(LogoutFilter.java:93) ~[spring-security-web-6.5.1.jar:6.5.1]
	at org.springframework.security.web.FilterChainProxy$VirtualFilterChain.doFilter(FilterChainProxy.java:374) ~[spring-security-web-6.5.1.jar:6.5.1]
	at org.springframework.web.filter.OncePerRequestFilter.doFilter(OncePerRequestFilter.java:101) ~[spring-web-6.2.8.jar:6.2.8]
	at org.springframework.security.web.FilterChainProxy$VirtualFilterChain.doFilter(FilterChainProxy.java:374) ~[spring-security-web-6.5.1.jar:6.5.1]
	at org.springframework.security.web.context.SecurityContextHolderFilter.doFilter(SecurityContextHolderFilter.java:82) ~[spring-security-web-6.5.1.jar:6.5.1]
	at org.springframework.security.web.context.SecurityContextHolderFilter.doFilter(SecurityContextHolderFilter.java:69) ~[spring-security-web-6.5.1.jar:6.5.1]
	at org.springframework.security.web.FilterChainProxy$VirtualFilterChain.doFilter(FilterChainProxy.java:374) ~[spring-security-web-6.5.1.jar:6.5.1]
	at org.springframework.web.filter.OncePerRequestFilter.doFilter(OncePerRequestFilter.java:101) ~[spring-web-6.2.8.jar:6.2.8]
	at org.springframework.security.web.FilterChainProxy$VirtualFilterChain.doFilter(FilterChainProxy.java:374) ~[spring-security-web-6.5.1.jar:6.5.1]
	at org.springframework.web.filter.OncePerRequestFilter.doFilter(OncePerRequestFilter.java:101) ~[spring-web-6.2.8.jar:6.2.8]
	at org.springframework.security.web.FilterChainProxy$VirtualFilterChain.doFilter(FilterChainProxy.java:374) ~[spring-security-web-6.5.1.jar:6.5.1]
	at org.springframework.security.web.FilterChainProxy.doFilterInternal(FilterChainProxy.java:233) ~[spring-security-web-6.5.1.jar:6.5.1]
	at org.springframework.security.web.FilterChainProxy.doFilter(FilterChainProxy.java:191) ~[spring-security-web-6.5.1.jar:6.5.1]
	at org.springframework.web.filter.CompositeFilter$VirtualFilterChain.doFilter(CompositeFilter.java:113) ~[spring-web-6.2.8.jar:6.2.8]
	at org.springframework.web.filter.ServletRequestPathFilter.doFilter(ServletRequestPathFilter.java:52) ~[spring-web-6.2.8.jar:6.2.8]
	at org.springframework.web.filter.CompositeFilter$VirtualFilterChain.doFilter(CompositeFilter.java:113) ~[spring-web-6.2.8.jar:6.2.8]
	at org.springframework.web.filter.CompositeFilter.doFilter(CompositeFilter.java:74) ~[spring-web-6.2.8.jar:6.2.8]
	at org.springframework.security.config.annotation.web.configuration.WebSecurityConfiguration$CompositeFilterChainProxy.doFilter(WebSecurityConfiguration.java:319) ~[spring-security-config-6.5.1.jar:6.5.1]
	at org.springframework.web.filter.CompositeFilter$VirtualFilterChain.doFilter(CompositeFilter.java:113) ~[spring-web-6.2.8.jar:6.2.8]
	at org.springframework.web.servlet.handler.HandlerMappingIntrospector.lambda$createCacheFilter$4(HandlerMappingIntrospector.java:267) ~[spring-webmvc-6.2.8.jar:6.2.8]
	at org.springframework.web.filter.CompositeFilter$VirtualFilterChain.doFilter(CompositeFilter.java:113) ~[spring-web-6.2.8.jar:6.2.8]
	at org.springframework.web.filter.CompositeFilter.doFilter(CompositeFilter.java:74) ~[spring-web-6.2.8.jar:6.2.8]
	at org.springframework.security.config.annotation.web.configuration.WebMvcSecurityConfiguration$CompositeFilterChainProxy.doFilter(WebMvcSecurityConfiguration.java:240) ~[spring-security-config-6.5.1.jar:6.5.1]
	at org.springframework.web.filter.DelegatingFilterProxy.invokeDelegate(DelegatingFilterProxy.java:362) ~[spring-web-6.2.8.jar:6.2.8]
	at org.springframework.web.filter.DelegatingFilterProxy.doFilter(DelegatingFilterProxy.java:278) ~[spring-web-6.2.8.jar:6.2.8]
	at org.apache.catalina.core.ApplicationFilterChain.internalDoFilter(ApplicationFilterChain.java:164) ~[tomcat-embed-core-10.1.42.jar:10.1.42]
	at org.apache.catalina.core.ApplicationFilterChain.doFilter(ApplicationFilterChain.java:140) ~[tomcat-embed-core-10.1.42.jar:10.1.42]
	at org.springframework.web.filter.RequestContextFilter.doFilterInternal(RequestContextFilter.java:100) ~[spring-web-6.2.8.jar:6.2.8]
	at org.springframework.web.filter.OncePerRequestFilter.doFilter(OncePerRequestFilter.java:116) ~[spring-web-6.2.8.jar:6.2.8]
	at org.apache.catalina.core.ApplicationFilterChain.internalDoFilter(ApplicationFilterChain.java:164) ~[tomcat-embed-core-10.1.42.jar:10.1.42]
	at org.apache.catalina.core.ApplicationFilterChain.doFilter(ApplicationFilterChain.java:140) ~[tomcat-embed-core-10.1.42.jar:10.1.42]
	at org.springframework.web.filter.OncePerRequestFilter.doFilter(OncePerRequestFilter.java:101) ~[spring-web-6.2.8.jar:6.2.8]
	at org.apache.catalina.core.ApplicationFilterChain.internalDoFilter(ApplicationFilterChain.java:164) ~[tomcat-embed-core-10.1.42.jar:10.1.42]
	at org.apache.catalina.core.ApplicationFilterChain.doFilter(ApplicationFilterChain.java:140) ~[tomcat-embed-core-10.1.42.jar:10.1.42]
	at org.springframework.web.filter.OncePerRequestFilter.doFilter(OncePerRequestFilter.java:101) ~[spring-web-6.2.8.jar:6.2.8]
	at org.apache.catalina.core.ApplicationFilterChain.internalDoFilter(ApplicationFilterChain.java:164) ~[tomcat-embed-core-10.1.42.jar:10.1.42]
	at org.apache.catalina.core.ApplicationFilterChain.doFilter(ApplicationFilterChain.java:140) ~[tomcat-embed-core-10.1.42.jar:10.1.42]
	at org.apache.catalina.core.ApplicationDispatcher.invoke(ApplicationDispatcher.java:612) ~[tomcat-embed-core-10.1.42.jar:10.1.42]
	at org.apache.catalina.core.ApplicationDispatcher.processRequest(ApplicationDispatcher.java:396) ~[tomcat-embed-core-10.1.42.jar:10.1.42]
	at org.apache.catalina.core.ApplicationDispatcher.doForward(ApplicationDispatcher.java:323) ~[tomcat-embed-core-10.1.42.jar:10.1.42]
	at org.apache.catalina.core.ApplicationDispatcher.forward(ApplicationDispatcher.java:268) ~[tomcat-embed-core-10.1.42.jar:10.1.42]
	at org.apache.catalina.core.StandardHostValve.custom(StandardHostValve.java:377) ~[tomcat-embed-core-10.1.42.jar:10.1.42]
	at org.apache.catalina.core.StandardHostValve.status(StandardHostValve.java:209) ~[tomcat-embed-core-10.1.42.jar:10.1.42]
	at org.apache.catalina.core.StandardHostValve.invoke(StandardHostValve.java:152) ~[tomcat-embed-core-10.1.42.jar:10.1.42]
	at org.apache.catalina.valves.ErrorReportValve.invoke(ErrorReportValve.java:93) ~[tomcat-embed-core-10.1.42.jar:10.1.42]
	at org.apache.catalina.core.StandardEngineValve.invoke(StandardEngineValve.java:74) ~[tomcat-embed-core-10.1.42.jar:10.1.42]
	at org.apache.catalina.connector.CoyoteAdapter.service(CoyoteAdapter.java:344) ~[tomcat-embed-core-10.1.42.jar:10.1.42]
	at org.apache.coyote.http11.Http11Processor.service(Http11Processor.java:398) ~[tomcat-embed-core-10.1.42.jar:10.1.42]
	at org.apache.coyote.AbstractProcessorLight.process(AbstractProcessorLight.java:63) ~[tomcat-embed-core-10.1.42.jar:10.1.42]
	at org.apache.coyote.AbstractProtocol$ConnectionHandler.process(AbstractProtocol.java:903) ~[tomcat-embed-core-10.1.42.jar:10.1.42]
	at org.apache.tomcat.util.net.NioEndpoint$SocketProcessor.doRun(NioEndpoint.java:1769) ~[tomcat-embed-core-10.1.42.jar:10.1.42]
	at org.apache.tomcat.util.net.SocketProcessorBase.run(SocketProcessorBase.java:52) ~[tomcat-embed-core-10.1.42.jar:10.1.42]
	at org.apache.tomcat.util.threads.ThreadPoolExecutor.runWorker(ThreadPoolExecutor.java:1189) ~[tomcat-embed-core-10.1.42.jar:10.1.42]
	at org.apache.tomcat.util.threads.ThreadPoolExecutor$Worker.run(ThreadPoolExecutor.java:658) ~[tomcat-embed-core-10.1.42.jar:10.1.42]
	at org.apache.tomcat.util.threads.TaskThread$WrappingRunnable.run(TaskThread.java:63) ~[tomcat-embed-core-10.1.42.jar:10.1.42]
	at java.base/java.lang.Thread.run(Thread.java:1570) ~[na:na]

2026-05-30T21:10:50.906+05:30 DEBUG 26860 --- [http-nio-8081-exec-4] o.s.s.w.s.HttpSessionRequestCache        : Saved request http://localhost:8081/error?continue to session
2026-05-30T21:10:50.907+05:30 DEBUG 26860 --- [http-nio-8081-exec-4] o.s.s.w.a.Http403ForbiddenEntryPoint     : Pre-authenticated entry point called. Rejecting access
2026-05-30T21:10:54.653+05:30 TRACE 26860 --- [http-nio-8081-exec-8] o.s.security.web.FilterChainProxy        : Trying to match request against DefaultSecurityFilterChain defined as 'securityFilterChain' in [class path resource [com/aiops/auth_service/config/SecurityConfig.class]] matching [any request] and having filters [DisableEncodeUrl, WebAsyncManagerIntegration, SecurityContextHolder, HeaderWriter, Logout, JwtAuthentication, RequestCacheAware, SecurityContextHolderAwareRequest, AnonymousAuthentication, ExceptionTranslation, Authorization] (1/1)
2026-05-30T21:10:54.653+05:30 DEBUG 26860 --- [http-nio-8081-exec-8] o.s.security.web.FilterChainProxy        : Securing GET /api/v1/auth/test
2026-05-30T21:10:54.654+05:30 TRACE 26860 --- [http-nio-8081-exec-8] o.s.security.web.FilterChainProxy        : Invoking DisableEncodeUrlFilter (1/11)
2026-05-30T21:10:54.655+05:30 TRACE 26860 --- [http-nio-8081-exec-8] o.s.security.web.FilterChainProxy        : Invoking WebAsyncManagerIntegrationFilter (2/11)
2026-05-30T21:10:54.655+05:30 TRACE 26860 --- [http-nio-8081-exec-8] o.s.security.web.FilterChainProxy        : Invoking SecurityContextHolderFilter (3/11)
2026-05-30T21:10:54.656+05:30 TRACE 26860 --- [http-nio-8081-exec-8] o.s.security.web.FilterChainProxy        : Invoking HeaderWriterFilter (4/11)
2026-05-30T21:10:54.656+05:30 TRACE 26860 --- [http-nio-8081-exec-8] o.s.security.web.FilterChainProxy        : Invoking LogoutFilter (5/11)
2026-05-30T21:10:54.657+05:30 TRACE 26860 --- [http-nio-8081-exec-8] o.s.s.w.a.logout.LogoutFilter            : Did not match request to Or [Ant [pattern='/logout', GET], Ant [pattern='/logout', POST], Ant [pattern='/logout', PUT], Ant [pattern='/logout', DELETE]]
2026-05-30T21:10:54.658+05:30 TRACE 26860 --- [http-nio-8081-exec-8] o.s.security.web.FilterChainProxy        : Invoking JwtAuthenticationFilter (6/11)
2026-05-30T21:10:54.664+05:30 TRACE 26860 --- [http-nio-8081-exec-8] w.c.HttpSessionSecurityContextRepository : No HttpSession currently exists
2026-05-30T21:10:54.665+05:30 TRACE 26860 --- [http-nio-8081-exec-8] .s.s.w.c.SupplierDeferredSecurityContext : Created SecurityContextImpl [Null authentication]
2026-05-30T21:10:54.666+05:30 TRACE 26860 --- [http-nio-8081-exec-8] .s.s.w.c.SupplierDeferredSecurityContext : Created SecurityContextImpl [Null authentication]
2026-05-30T21:10:54.667+05:30 TRACE 26860 --- [http-nio-8081-exec-8] o.s.security.web.FilterChainProxy        : Invoking RequestCacheAwareFilter (7/11)
2026-05-30T21:10:54.667+05:30 TRACE 26860 --- [http-nio-8081-exec-8] o.s.s.w.s.HttpSessionRequestCache        : matchingRequestParameterName is required for getMatchingRequest to lookup a value, but not provided
2026-05-30T21:10:54.668+05:30 TRACE 26860 --- [http-nio-8081-exec-8] o.s.security.web.FilterChainProxy        : Invoking SecurityContextHolderAwareRequestFilter (8/11)
2026-05-30T21:10:54.669+05:30 TRACE 26860 --- [http-nio-8081-exec-8] o.s.security.web.FilterChainProxy        : Invoking AnonymousAuthenticationFilter (9/11)
2026-05-30T21:10:54.669+05:30 TRACE 26860 --- [http-nio-8081-exec-8] o.s.security.web.FilterChainProxy        : Invoking ExceptionTranslationFilter (10/11)
2026-05-30T21:10:54.670+05:30 TRACE 26860 --- [http-nio-8081-exec-8] o.s.security.web.FilterChainProxy        : Invoking AuthorizationFilter (11/11)
2026-05-30T21:10:54.670+05:30 TRACE 26860 --- [http-nio-8081-exec-8] estMatcherDelegatingAuthorizationManager : Authorizing GET /api/v1/auth/test
2026-05-30T21:10:54.671+05:30 TRACE 26860 --- [http-nio-8081-exec-8] estMatcherDelegatingAuthorizationManager : Checking authorization on GET /api/v1/auth/test using org.springframework.security.authorization.AuthenticatedAuthorizationManager@34630b51
2026-05-30T21:10:54.673+05:30 TRACE 26860 --- [http-nio-8081-exec-8] o.s.s.w.a.AnonymousAuthenticationFilter  : Did not set SecurityContextHolder since already authenticated UsernamePasswordAuthenticationToken [Principal=saumya@example.com, Credentials=[PROTECTED], Authenticated=true, Details=null, Granted Authorities=[]]
2026-05-30T21:10:54.674+05:30 DEBUG 26860 --- [http-nio-8081-exec-8] o.s.security.web.FilterChainProxy        : Secured GET /api/v1/auth/test
2026-05-30T21:10:54.675+05:30 TRACE 26860 --- [http-nio-8081-exec-8] o.s.web.servlet.DispatcherServlet        : GET "/api/v1/auth/test", parameters={}, headers={masked} in DispatcherServlet 'dispatcherServlet'
2026-05-30T21:10:54.676+05:30 DEBUG 26860 --- [http-nio-8081-exec-8] s.w.s.m.m.a.RequestMappingHandlerMapping : Mapped to com.aiops.auth_service.controller.AuthController#test()
2026-05-30T21:10:54.680+05:30 DEBUG 26860 --- [http-nio-8081-exec-8] m.m.a.RequestResponseBodyMethodProcessor : Using 'text/plain', given [*/*] and supported [text/plain, */*, application/json, application/*+json]
2026-05-30T21:10:54.681+05:30 DEBUG 26860 --- [http-nio-8081-exec-8] m.m.a.RequestResponseBodyMethodProcessor : Writing ["Protected API reached"]
2026-05-30T21:10:54.683+05:30 TRACE 26860 --- [http-nio-8081-exec-8] o.s.s.w.header.writers.HstsHeaderWriter  : Not injecting HSTS header since it did not match request to [Is Secure]
2026-05-30T21:10:54.684+05:30 TRACE 26860 --- [http-nio-8081-exec-8] o.s.web.servlet.DispatcherServlet        : No view rendering, null ModelAndView returned.
2026-05-30T21:10:54.685+05:30 DEBUG 26860 --- [http-nio-8081-exec-8] o.s.web.servlet.DispatcherServlet        : Completed 200 OK, headers={masked}
2026-05-30T21:29:18.943+05:30 TRACE 26860 --- [http-nio-8081-exec-6] o.s.security.web.FilterChainProxy        : Trying to match request against DefaultSecurityFilterChain defined as 'securityFilterChain' in [class path resource [com/aiops/auth_service/config/SecurityConfig.class]] matching [any request] and having filters [DisableEncodeUrl, WebAsyncManagerIntegration, SecurityContextHolder, HeaderWriter, Logout, JwtAuthentication, RequestCacheAware, SecurityContextHolderAwareRequest, AnonymousAuthentication, ExceptionTranslation, Authorization] (1/1)
2026-05-30T21:29:18.944+05:30 DEBUG 26860 --- [http-nio-8081-exec-6] o.s.security.web.FilterChainProxy        : Securing POST /api/v1/auth/register
2026-05-30T21:29:18.944+05:30 TRACE 26860 --- [http-nio-8081-exec-6] o.s.security.web.FilterChainProxy        : Invoking DisableEncodeUrlFilter (1/11)
2026-05-30T21:29:18.945+05:30 TRACE 26860 --- [http-nio-8081-exec-6] o.s.security.web.FilterChainProxy        : Invoking WebAsyncManagerIntegrationFilter (2/11)
2026-05-30T21:29:18.945+05:30 TRACE 26860 --- [http-nio-8081-exec-6] o.s.security.web.FilterChainProxy        : Invoking SecurityContextHolderFilter (3/11)
2026-05-30T21:29:18.946+05:30 TRACE 26860 --- [http-nio-8081-exec-6] o.s.security.web.FilterChainProxy        : Invoking HeaderWriterFilter (4/11)
2026-05-30T21:29:18.946+05:30 TRACE 26860 --- [http-nio-8081-exec-6] o.s.security.web.FilterChainProxy        : Invoking LogoutFilter (5/11)
2026-05-30T21:29:18.947+05:30 TRACE 26860 --- [http-nio-8081-exec-6] o.s.s.w.a.logout.LogoutFilter            : Did not match request to Or [Ant [pattern='/logout', GET], Ant [pattern='/logout', POST], Ant [pattern='/logout', PUT], Ant [pattern='/logout', DELETE]]
2026-05-30T21:29:18.947+05:30 TRACE 26860 --- [http-nio-8081-exec-6] o.s.security.web.FilterChainProxy        : Invoking JwtAuthenticationFilter (6/11)
2026-05-30T21:29:18.948+05:30 TRACE 26860 --- [http-nio-8081-exec-6] o.s.security.web.FilterChainProxy        : Invoking RequestCacheAwareFilter (7/11)
2026-05-30T21:29:18.948+05:30 TRACE 26860 --- [http-nio-8081-exec-6] o.s.s.w.s.HttpSessionRequestCache        : matchingRequestParameterName is required for getMatchingRequest to lookup a value, but not provided
2026-05-30T21:29:18.948+05:30 TRACE 26860 --- [http-nio-8081-exec-6] o.s.security.web.FilterChainProxy        : Invoking SecurityContextHolderAwareRequestFilter (8/11)
2026-05-30T21:29:18.949+05:30 TRACE 26860 --- [http-nio-8081-exec-6] o.s.security.web.FilterChainProxy        : Invoking AnonymousAuthenticationFilter (9/11)
2026-05-30T21:29:18.951+05:30 TRACE 26860 --- [http-nio-8081-exec-6] o.s.security.web.FilterChainProxy        : Invoking ExceptionTranslationFilter (10/11)
2026-05-30T21:29:18.953+05:30 TRACE 26860 --- [http-nio-8081-exec-6] o.s.security.web.FilterChainProxy        : Invoking AuthorizationFilter (11/11)
2026-05-30T21:29:18.959+05:30 TRACE 26860 --- [http-nio-8081-exec-6] estMatcherDelegatingAuthorizationManager : Authorizing POST /api/v1/auth/register
2026-05-30T21:29:18.959+05:30 TRACE 26860 --- [http-nio-8081-exec-6] estMatcherDelegatingAuthorizationManager : Checking authorization on POST /api/v1/auth/register using org.springframework.security.authorization.SingleResultAuthorizationManager@21499901
2026-05-30T21:29:18.960+05:30 DEBUG 26860 --- [http-nio-8081-exec-6] o.s.security.web.FilterChainProxy        : Secured POST /api/v1/auth/register
2026-05-30T21:29:18.960+05:30 TRACE 26860 --- [http-nio-8081-exec-6] o.s.web.servlet.DispatcherServlet        : POST "/api/v1/auth/register", parameters={}, headers={masked} in DispatcherServlet 'dispatcherServlet'
2026-05-30T21:29:18.961+05:30 DEBUG 26860 --- [http-nio-8081-exec-6] s.w.s.m.m.a.RequestMappingHandlerMapping : Mapped to com.aiops.auth_service.controller.AuthController#register(RegisterRequest)
2026-05-30T21:29:18.967+05:30 DEBUG 26860 --- [http-nio-8081-exec-6] m.m.a.RequestResponseBodyMethodProcessor : Read "application/json;charset=UTF-8" to [com.aiops.auth_service.dto.RegisterRequest@66d6c55c]
2026-05-30T21:29:19.010+05:30 TRACE 26860 --- [http-nio-8081-exec-6] o.s.web.servlet.DispatcherServlet        : Failed to complete request

java.lang.RuntimeException: Email already exists
	at com.aiops.auth_service.service.AuthService.register(AuthService.java:48) ~[classes/:na]
	at com.aiops.auth_service.controller.AuthController.register(AuthController.java:40) ~[classes/:na]
	at java.base/jdk.internal.reflect.DirectMethodHandleAccessor.invoke(DirectMethodHandleAccessor.java:103) ~[na:na]
	at java.base/java.lang.reflect.Method.invoke(Method.java:580) ~[na:na]
	at org.springframework.web.method.support.InvocableHandlerMethod.doInvoke(InvocableHandlerMethod.java:258) ~[spring-web-6.2.8.jar:6.2.8]
	at org.springframework.web.method.support.InvocableHandlerMethod.invokeForRequest(InvocableHandlerMethod.java:191) ~[spring-web-6.2.8.jar:6.2.8]
	at org.springframework.web.servlet.mvc.method.annotation.ServletInvocableHandlerMethod.invokeAndHandle(ServletInvocableHandlerMethod.java:118) ~[spring-webmvc-6.2.8.jar:6.2.8]
	at org.springframework.web.servlet.mvc.method.annotation.RequestMappingHandlerAdapter.invokeHandlerMethod(RequestMappingHandlerAdapter.java:986) ~[spring-webmvc-6.2.8.jar:6.2.8]
	at org.springframework.web.servlet.mvc.method.annotation.RequestMappingHandlerAdapter.handleInternal(RequestMappingHandlerAdapter.java:891) ~[spring-webmvc-6.2.8.jar:6.2.8]
	at org.springframework.web.servlet.mvc.method.AbstractHandlerMethodAdapter.handle(AbstractHandlerMethodAdapter.java:87) ~[spring-webmvc-6.2.8.jar:6.2.8]
	at org.springframework.web.servlet.DispatcherServlet.doDispatch(DispatcherServlet.java:1089) ~[spring-webmvc-6.2.8.jar:6.2.8]
	at org.springframework.web.servlet.DispatcherServlet.doService(DispatcherServlet.java:979) ~[spring-webmvc-6.2.8.jar:6.2.8]
	at org.springframework.web.servlet.FrameworkServlet.processRequest(FrameworkServlet.java:1014) ~[spring-webmvc-6.2.8.jar:6.2.8]
	at org.springframework.web.servlet.FrameworkServlet.doPost(FrameworkServlet.java:914) ~[spring-webmvc-6.2.8.jar:6.2.8]
	at jakarta.servlet.http.HttpServlet.service(HttpServlet.java:590) ~[tomcat-embed-core-10.1.42.jar:6.0]
	at org.springframework.web.servlet.FrameworkServlet.service(FrameworkServlet.java:885) ~[spring-webmvc-6.2.8.jar:6.2.8]
	at jakarta.servlet.http.HttpServlet.service(HttpServlet.java:658) ~[tomcat-embed-core-10.1.42.jar:6.0]
	at org.apache.catalina.core.ApplicationFilterChain.internalDoFilter(ApplicationFilterChain.java:195) ~[tomcat-embed-core-10.1.42.jar:10.1.42]
	at org.apache.catalina.core.ApplicationFilterChain.doFilter(ApplicationFilterChain.java:140) ~[tomcat-embed-core-10.1.42.jar:10.1.42]
	at org.apache.tomcat.websocket.server.WsFilter.doFilter(WsFilter.java:51) ~[tomcat-embed-websocket-10.1.42.jar:10.1.42]
	at org.apache.catalina.core.ApplicationFilterChain.internalDoFilter(ApplicationFilterChain.java:164) ~[tomcat-embed-core-10.1.42.jar:10.1.42]
	at org.apache.catalina.core.ApplicationFilterChain.doFilter(ApplicationFilterChain.java:140) ~[tomcat-embed-core-10.1.42.jar:10.1.42]
	at org.springframework.web.filter.OncePerRequestFilter.doFilter(OncePerRequestFilter.java:110) ~[spring-web-6.2.8.jar:6.2.8]
	at org.apache.catalina.core.ApplicationFilterChain.internalDoFilter(ApplicationFilterChain.java:164) ~[tomcat-embed-core-10.1.42.jar:10.1.42]
	at org.apache.catalina.core.ApplicationFilterChain.doFilter(ApplicationFilterChain.java:140) ~[tomcat-embed-core-10.1.42.jar:10.1.42]
	at org.springframework.web.filter.CompositeFilter$VirtualFilterChain.doFilter(CompositeFilter.java:108) ~[spring-web-6.2.8.jar:6.2.8]
	at org.springframework.web.filter.CompositeFilter$VirtualFilterChain.doFilter(CompositeFilter.java:108) ~[spring-web-6.2.8.jar:6.2.8]
	at org.springframework.security.web.FilterChainProxy.lambda$doFilterInternal$3(FilterChainProxy.java:231) ~[spring-security-web-6.5.1.jar:6.5.1]
	at org.springframework.security.web.FilterChainProxy$VirtualFilterChain.doFilter(FilterChainProxy.java:365) ~[spring-security-web-6.5.1.jar:6.5.1]
	at org.springframework.security.web.access.intercept.AuthorizationFilter.doFilter(AuthorizationFilter.java:101) ~[spring-security-web-6.5.1.jar:6.5.1]
	at org.springframework.security.web.FilterChainProxy$VirtualFilterChain.doFilter(FilterChainProxy.java:374) ~[spring-security-web-6.5.1.jar:6.5.1]
	at org.springframework.security.web.access.ExceptionTranslationFilter.doFilter(ExceptionTranslationFilter.java:125) ~[spring-security-web-6.5.1.jar:6.5.1]
	at org.springframework.security.web.access.ExceptionTranslationFilter.doFilter(ExceptionTranslationFilter.java:119) ~[spring-security-web-6.5.1.jar:6.5.1]
	at org.springframework.security.web.FilterChainProxy$VirtualFilterChain.doFilter(FilterChainProxy.java:374) ~[spring-security-web-6.5.1.jar:6.5.1]
	at org.springframework.security.web.authentication.AnonymousAuthenticationFilter.doFilter(AnonymousAuthenticationFilter.java:100) ~[spring-security-web-6.5.1.jar:6.5.1]
	at org.springframework.security.web.FilterChainProxy$VirtualFilterChain.doFilter(FilterChainProxy.java:374) ~[spring-security-web-6.5.1.jar:6.5.1]
	at org.springframework.security.web.servletapi.SecurityContextHolderAwareRequestFilter.doFilter(SecurityContextHolderAwareRequestFilter.java:179) ~[spring-security-web-6.5.1.jar:6.5.1]
	at org.springframework.security.web.FilterChainProxy$VirtualFilterChain.doFilter(FilterChainProxy.java:374) ~[spring-security-web-6.5.1.jar:6.5.1]
	at org.springframework.security.web.savedrequest.RequestCacheAwareFilter.doFilter(RequestCacheAwareFilter.java:63) ~[spring-security-web-6.5.1.jar:6.5.1]
	at org.springframework.security.web.FilterChainProxy$VirtualFilterChain.doFilter(FilterChainProxy.java:374) ~[spring-security-web-6.5.1.jar:6.5.1]
	at com.aiops.auth_service.filter.JwtAuthenticationFilter.doFilterInternal(JwtAuthenticationFilter.java:33) ~[classes/:na]
	at org.springframework.web.filter.OncePerRequestFilter.doFilter(OncePerRequestFilter.java:116) ~[spring-web-6.2.8.jar:6.2.8]
	at org.springframework.security.web.FilterChainProxy$VirtualFilterChain.doFilter(FilterChainProxy.java:374) ~[spring-security-web-6.5.1.jar:6.5.1]
	at org.springframework.security.web.authentication.logout.LogoutFilter.doFilter(LogoutFilter.java:107) ~[spring-security-web-6.5.1.jar:6.5.1]
	at org.springframework.security.web.authentication.logout.LogoutFilter.doFilter(LogoutFilter.java:93) ~[spring-security-web-6.5.1.jar:6.5.1]
	at org.springframework.security.web.FilterChainProxy$VirtualFilterChain.doFilter(FilterChainProxy.java:374) ~[spring-security-web-6.5.1.jar:6.5.1]
	at org.springframework.security.web.header.HeaderWriterFilter.doHeadersAfter(HeaderWriterFilter.java:90) ~[spring-security-web-6.5.1.jar:6.5.1]
	at org.springframework.security.web.header.HeaderWriterFilter.doFilterInternal(HeaderWriterFilter.java:75) ~[spring-security-web-6.5.1.jar:6.5.1]
	at org.springframework.web.filter.OncePerRequestFilter.doFilter(OncePerRequestFilter.java:116) ~[spring-web-6.2.8.jar:6.2.8]
	at org.springframework.security.web.FilterChainProxy$VirtualFilterChain.doFilter(FilterChainProxy.java:374) ~[spring-security-web-6.5.1.jar:6.5.1]
	at org.springframework.security.web.context.SecurityContextHolderFilter.doFilter(SecurityContextHolderFilter.java:82) ~[spring-security-web-6.5.1.jar:6.5.1]
	at org.springframework.security.web.context.SecurityContextHolderFilter.doFilter(SecurityContextHolderFilter.java:69) ~[spring-security-web-6.5.1.jar:6.5.1]
	at org.springframework.security.web.FilterChainProxy$VirtualFilterChain.doFilter(FilterChainProxy.java:374) ~[spring-security-web-6.5.1.jar:6.5.1]
	at org.springframework.security.web.context.request.async.WebAsyncManagerIntegrationFilter.doFilterInternal(WebAsyncManagerIntegrationFilter.java:62) ~[spring-security-web-6.5.1.jar:6.5.1]
	at org.springframework.web.filter.OncePerRequestFilter.doFilter(OncePerRequestFilter.java:116) ~[spring-web-6.2.8.jar:6.2.8]
	at org.springframework.security.web.FilterChainProxy$VirtualFilterChain.doFilter(FilterChainProxy.java:374) ~[spring-security-web-6.5.1.jar:6.5.1]
	at org.springframework.security.web.session.DisableEncodeUrlFilter.doFilterInternal(DisableEncodeUrlFilter.java:42) ~[spring-security-web-6.5.1.jar:6.5.1]
	at org.springframework.web.filter.OncePerRequestFilter.doFilter(OncePerRequestFilter.java:116) ~[spring-web-6.2.8.jar:6.2.8]
	at org.springframework.security.web.FilterChainProxy$VirtualFilterChain.doFilter(FilterChainProxy.java:374) ~[spring-security-web-6.5.1.jar:6.5.1]
	at org.springframework.security.web.FilterChainProxy.doFilterInternal(FilterChainProxy.java:233) ~[spring-security-web-6.5.1.jar:6.5.1]
	at org.springframework.security.web.FilterChainProxy.doFilter(FilterChainProxy.java:191) ~[spring-security-web-6.5.1.jar:6.5.1]
	at org.springframework.web.filter.CompositeFilter$VirtualFilterChain.doFilter(CompositeFilter.java:113) ~[spring-web-6.2.8.jar:6.2.8]
	at org.springframework.web.filter.ServletRequestPathFilter.doFilter(ServletRequestPathFilter.java:52) ~[spring-web-6.2.8.jar:6.2.8]
	at org.springframework.web.filter.CompositeFilter$VirtualFilterChain.doFilter(CompositeFilter.java:113) ~[spring-web-6.2.8.jar:6.2.8]
	at org.springframework.web.filter.CompositeFilter.doFilter(CompositeFilter.java:74) ~[spring-web-6.2.8.jar:6.2.8]
	at org.springframework.security.config.annotation.web.configuration.WebSecurityConfiguration$CompositeFilterChainProxy.doFilter(WebSecurityConfiguration.java:319) ~[spring-security-config-6.5.1.jar:6.5.1]
	at org.springframework.web.filter.CompositeFilter$VirtualFilterChain.doFilter(CompositeFilter.java:113) ~[spring-web-6.2.8.jar:6.2.8]
	at org.springframework.web.servlet.handler.HandlerMappingIntrospector.lambda$createCacheFilter$4(HandlerMappingIntrospector.java:267) ~[spring-webmvc-6.2.8.jar:6.2.8]
	at org.springframework.web.filter.CompositeFilter$VirtualFilterChain.doFilter(CompositeFilter.java:113) ~[spring-web-6.2.8.jar:6.2.8]
	at org.springframework.web.filter.CompositeFilter.doFilter(CompositeFilter.java:74) ~[spring-web-6.2.8.jar:6.2.8]
	at org.springframework.security.config.annotation.web.configuration.WebMvcSecurityConfiguration$CompositeFilterChainProxy.doFilter(WebMvcSecurityConfiguration.java:240) ~[spring-security-config-6.5.1.jar:6.5.1]
	at org.springframework.web.filter.DelegatingFilterProxy.invokeDelegate(DelegatingFilterProxy.java:362) ~[spring-web-6.2.8.jar:6.2.8]
	at org.springframework.web.filter.DelegatingFilterProxy.doFilter(DelegatingFilterProxy.java:278) ~[spring-web-6.2.8.jar:6.2.8]
	at org.apache.catalina.core.ApplicationFilterChain.internalDoFilter(ApplicationFilterChain.java:164) ~[tomcat-embed-core-10.1.42.jar:10.1.42]
	at org.apache.catalina.core.ApplicationFilterChain.doFilter(ApplicationFilterChain.java:140) ~[tomcat-embed-core-10.1.42.jar:10.1.42]
	at org.springframework.web.filter.RequestContextFilter.doFilterInternal(RequestContextFilter.java:100) ~[spring-web-6.2.8.jar:6.2.8]
	at org.springframework.web.filter.OncePerRequestFilter.doFilter(OncePerRequestFilter.java:116) ~[spring-web-6.2.8.jar:6.2.8]
	at org.apache.catalina.core.ApplicationFilterChain.internalDoFilter(ApplicationFilterChain.java:164) ~[tomcat-embed-core-10.1.42.jar:10.1.42]
	at org.apache.catalina.core.ApplicationFilterChain.doFilter(ApplicationFilterChain.java:140) ~[tomcat-embed-core-10.1.42.jar:10.1.42]
	at org.springframework.web.filter.FormContentFilter.doFilterInternal(FormContentFilter.java:93) ~[spring-web-6.2.8.jar:6.2.8]
	at org.springframework.web.filter.OncePerRequestFilter.doFilter(OncePerRequestFilter.java:116) ~[spring-web-6.2.8.jar:6.2.8]
	at org.apache.catalina.core.ApplicationFilterChain.internalDoFilter(ApplicationFilterChain.java:164) ~[tomcat-embed-core-10.1.42.jar:10.1.42]
	at org.apache.catalina.core.ApplicationFilterChain.doFilter(ApplicationFilterChain.java:140) ~[tomcat-embed-core-10.1.42.jar:10.1.42]
	at org.springframework.web.filter.CharacterEncodingFilter.doFilterInternal(CharacterEncodingFilter.java:201) ~[spring-web-6.2.8.jar:6.2.8]
	at org.springframework.web.filter.OncePerRequestFilter.doFilter(OncePerRequestFilter.java:116) ~[spring-web-6.2.8.jar:6.2.8]
	at org.apache.catalina.core.ApplicationFilterChain.internalDoFilter(ApplicationFilterChain.java:164) ~[tomcat-embed-core-10.1.42.jar:10.1.42]
	at org.apache.catalina.core.ApplicationFilterChain.doFilter(ApplicationFilterChain.java:140) ~[tomcat-embed-core-10.1.42.jar:10.1.42]
	at org.apache.catalina.core.StandardWrapperValve.invoke(StandardWrapperValve.java:167) ~[tomcat-embed-core-10.1.42.jar:10.1.42]
	at org.apache.catalina.core.StandardContextValve.invoke(StandardContextValve.java:90) ~[tomcat-embed-core-10.1.42.jar:10.1.42]
	at org.apache.catalina.authenticator.AuthenticatorBase.invoke(AuthenticatorBase.java:483) ~[tomcat-embed-core-10.1.42.jar:10.1.42]
	at org.apache.catalina.core.StandardHostValve.invoke(StandardHostValve.java:116) ~[tomcat-embed-core-10.1.42.jar:10.1.42]
	at org.apache.catalina.valves.ErrorReportValve.invoke(ErrorReportValve.java:93) ~[tomcat-embed-core-10.1.42.jar:10.1.42]
	at org.apache.catalina.core.StandardEngineValve.invoke(StandardEngineValve.java:74) ~[tomcat-embed-core-10.1.42.jar:10.1.42]
	at org.apache.catalina.connector.CoyoteAdapter.service(CoyoteAdapter.java:344) ~[tomcat-embed-core-10.1.42.jar:10.1.42]
	at org.apache.coyote.http11.Http11Processor.service(Http11Processor.java:398) ~[tomcat-embed-core-10.1.42.jar:10.1.42]
	at org.apache.coyote.AbstractProcessorLight.process(AbstractProcessorLight.java:63) ~[tomcat-embed-core-10.1.42.jar:10.1.42]
	at org.apache.coyote.AbstractProtocol$ConnectionHandler.process(AbstractProtocol.java:903) ~[tomcat-embed-core-10.1.42.jar:10.1.42]
	at org.apache.tomcat.util.net.NioEndpoint$SocketProcessor.doRun(NioEndpoint.java:1769) ~[tomcat-embed-core-10.1.42.jar:10.1.42]
	at org.apache.tomcat.util.net.SocketProcessorBase.run(SocketProcessorBase.java:52) ~[tomcat-embed-core-10.1.42.jar:10.1.42]
	at org.apache.tomcat.util.threads.ThreadPoolExecutor.runWorker(ThreadPoolExecutor.java:1189) ~[tomcat-embed-core-10.1.42.jar:10.1.42]
	at org.apache.tomcat.util.threads.ThreadPoolExecutor$Worker.run(ThreadPoolExecutor.java:658) ~[tomcat-embed-core-10.1.42.jar:10.1.42]
	at org.apache.tomcat.util.threads.TaskThread$WrappingRunnable.run(TaskThread.java:63) ~[tomcat-embed-core-10.1.42.jar:10.1.42]
	at java.base/java.lang.Thread.run(Thread.java:1570) ~[na:na]

2026-05-30T21:29:19.015+05:30 TRACE 26860 --- [http-nio-8081-exec-6] w.c.HttpSessionSecurityContextRepository : No HttpSession currently exists
2026-05-30T21:29:19.016+05:30 TRACE 26860 --- [http-nio-8081-exec-6] .s.s.w.c.SupplierDeferredSecurityContext : Created SecurityContextImpl [Null authentication]
2026-05-30T21:29:19.016+05:30 TRACE 26860 --- [http-nio-8081-exec-6] .s.s.w.c.SupplierDeferredSecurityContext : Created SecurityContextImpl [Null authentication]
2026-05-30T21:29:19.017+05:30 TRACE 26860 --- [http-nio-8081-exec-6] o.s.s.w.a.AnonymousAuthenticationFilter  : Set SecurityContextHolder to AnonymousAuthenticationToken [Principal=anonymousUser, Credentials=[PROTECTED], Authenticated=true, Details=WebAuthenticationDetails [RemoteIpAddress=0:0:0:0:0:0:0:1, SessionId=null], Granted Authorities=[ROLE_ANONYMOUS]]
2026-05-30T21:29:19.019+05:30 TRACE 26860 --- [http-nio-8081-exec-6] o.s.s.w.header.writers.HstsHeaderWriter  : Not injecting HSTS header since it did not match request to [Is Secure]
2026-05-30T21:29:19.023+05:30 ERROR 26860 --- [http-nio-8081-exec-6] o.a.c.c.C.[.[.[/].[dispatcherServlet]    : Servlet.service() for servlet [dispatcherServlet] in context with path [] threw exception [Request processing failed: java.lang.RuntimeException: Email already exists] with root cause

java.lang.RuntimeException: Email already exists
	at com.aiops.auth_service.service.AuthService.register(AuthService.java:48) ~[classes/:na]
	at com.aiops.auth_service.controller.AuthController.register(AuthController.java:40) ~[classes/:na]
	at java.base/jdk.internal.reflect.DirectMethodHandleAccessor.invoke(DirectMethodHandleAccessor.java:103) ~[na:na]
	at java.base/java.lang.reflect.Method.invoke(Method.java:580) ~[na:na]
	at org.springframework.web.method.support.InvocableHandlerMethod.doInvoke(InvocableHandlerMethod.java:258) ~[spring-web-6.2.8.jar:6.2.8]
	at org.springframework.web.method.support.InvocableHandlerMethod.invokeForRequest(InvocableHandlerMethod.java:191) ~[spring-web-6.2.8.jar:6.2.8]
	at org.springframework.web.servlet.mvc.method.annotation.ServletInvocableHandlerMethod.invokeAndHandle(ServletInvocableHandlerMethod.java:118) ~[spring-webmvc-6.2.8.jar:6.2.8]
	at org.springframework.web.servlet.mvc.method.annotation.RequestMappingHandlerAdapter.invokeHandlerMethod(RequestMappingHandlerAdapter.java:986) ~[spring-webmvc-6.2.8.jar:6.2.8]
	at org.springframework.web.servlet.mvc.method.annotation.RequestMappingHandlerAdapter.handleInternal(RequestMappingHandlerAdapter.java:891) ~[spring-webmvc-6.2.8.jar:6.2.8]
	at org.springframework.web.servlet.mvc.method.AbstractHandlerMethodAdapter.handle(AbstractHandlerMethodAdapter.java:87) ~[spring-webmvc-6.2.8.jar:6.2.8]
	at org.springframework.web.servlet.DispatcherServlet.doDispatch(DispatcherServlet.java:1089) ~[spring-webmvc-6.2.8.jar:6.2.8]
	at org.springframework.web.servlet.DispatcherServlet.doService(DispatcherServlet.java:979) ~[spring-webmvc-6.2.8.jar:6.2.8]
	at org.springframework.web.servlet.FrameworkServlet.processRequest(FrameworkServlet.java:1014) ~[spring-webmvc-6.2.8.jar:6.2.8]
	at org.springframework.web.servlet.FrameworkServlet.doPost(FrameworkServlet.java:914) ~[spring-webmvc-6.2.8.jar:6.2.8]
	at jakarta.servlet.http.HttpServlet.service(HttpServlet.java:590) ~[tomcat-embed-core-10.1.42.jar:6.0]
	at org.springframework.web.servlet.FrameworkServlet.service(FrameworkServlet.java:885) ~[spring-webmvc-6.2.8.jar:6.2.8]
	at jakarta.servlet.http.HttpServlet.service(HttpServlet.java:658) ~[tomcat-embed-core-10.1.42.jar:6.0]
	at org.apache.catalina.core.ApplicationFilterChain.internalDoFilter(ApplicationFilterChain.java:195) ~[tomcat-embed-core-10.1.42.jar:10.1.42]
	at org.apache.catalina.core.ApplicationFilterChain.doFilter(ApplicationFilterChain.java:140) ~[tomcat-embed-core-10.1.42.jar:10.1.42]
	at org.apache.tomcat.websocket.server.WsFilter.doFilter(WsFilter.java:51) ~[tomcat-embed-websocket-10.1.42.jar:10.1.42]
	at org.apache.catalina.core.ApplicationFilterChain.internalDoFilter(ApplicationFilterChain.java:164) ~[tomcat-embed-core-10.1.42.jar:10.1.42]
	at org.apache.catalina.core.ApplicationFilterChain.doFilter(ApplicationFilterChain.java:140) ~[tomcat-embed-core-10.1.42.jar:10.1.42]
	at org.springframework.web.filter.OncePerRequestFilter.doFilter(OncePerRequestFilter.java:110) ~[spring-web-6.2.8.jar:6.2.8]
	at org.apache.catalina.core.ApplicationFilterChain.internalDoFilter(ApplicationFilterChain.java:164) ~[tomcat-embed-core-10.1.42.jar:10.1.42]
	at org.apache.catalina.core.ApplicationFilterChain.doFilter(ApplicationFilterChain.java:140) ~[tomcat-embed-core-10.1.42.jar:10.1.42]
	at org.springframework.web.filter.CompositeFilter$VirtualFilterChain.doFilter(CompositeFilter.java:108) ~[spring-web-6.2.8.jar:6.2.8]
	at org.springframework.web.filter.CompositeFilter$VirtualFilterChain.doFilter(CompositeFilter.java:108) ~[spring-web-6.2.8.jar:6.2.8]
	at org.springframework.security.web.FilterChainProxy.lambda$doFilterInternal$3(FilterChainProxy.java:231) ~[spring-security-web-6.5.1.jar:6.5.1]
	at org.springframework.security.web.FilterChainProxy$VirtualFilterChain.doFilter(FilterChainProxy.java:365) ~[spring-security-web-6.5.1.jar:6.5.1]
	at org.springframework.security.web.access.intercept.AuthorizationFilter.doFilter(AuthorizationFilter.java:101) ~[spring-security-web-6.5.1.jar:6.5.1]
	at org.springframework.security.web.FilterChainProxy$VirtualFilterChain.doFilter(FilterChainProxy.java:374) ~[spring-security-web-6.5.1.jar:6.5.1]
	at org.springframework.security.web.access.ExceptionTranslationFilter.doFilter(ExceptionTranslationFilter.java:125) ~[spring-security-web-6.5.1.jar:6.5.1]
	at org.springframework.security.web.access.ExceptionTranslationFilter.doFilter(ExceptionTranslationFilter.java:119) ~[spring-security-web-6.5.1.jar:6.5.1]
	at org.springframework.security.web.FilterChainProxy$VirtualFilterChain.doFilter(FilterChainProxy.java:374) ~[spring-security-web-6.5.1.jar:6.5.1]
	at org.springframework.security.web.authentication.AnonymousAuthenticationFilter.doFilter(AnonymousAuthenticationFilter.java:100) ~[spring-security-web-6.5.1.jar:6.5.1]
	at org.springframework.security.web.FilterChainProxy$VirtualFilterChain.doFilter(FilterChainProxy.java:374) ~[spring-security-web-6.5.1.jar:6.5.1]
	at org.springframework.security.web.servletapi.SecurityContextHolderAwareRequestFilter.doFilter(SecurityContextHolderAwareRequestFilter.java:179) ~[spring-security-web-6.5.1.jar:6.5.1]
	at org.springframework.security.web.FilterChainProxy$VirtualFilterChain.doFilter(FilterChainProxy.java:374) ~[spring-security-web-6.5.1.jar:6.5.1]
	at org.springframework.security.web.savedrequest.RequestCacheAwareFilter.doFilter(RequestCacheAwareFilter.java:63) ~[spring-security-web-6.5.1.jar:6.5.1]
	at org.springframework.security.web.FilterChainProxy$VirtualFilterChain.doFilter(FilterChainProxy.java:374) ~[spring-security-web-6.5.1.jar:6.5.1]
	at com.aiops.auth_service.filter.JwtAuthenticationFilter.doFilterInternal(JwtAuthenticationFilter.java:33) ~[classes/:na]
	at org.springframework.web.filter.OncePerRequestFilter.doFilter(OncePerRequestFilter.java:116) ~[spring-web-6.2.8.jar:6.2.8]
	at org.springframework.security.web.FilterChainProxy$VirtualFilterChain.doFilter(FilterChainProxy.java:374) ~[spring-security-web-6.5.1.jar:6.5.1]
	at org.springframework.security.web.authentication.logout.LogoutFilter.doFilter(LogoutFilter.java:107) ~[spring-security-web-6.5.1.jar:6.5.1]
	at org.springframework.security.web.authentication.logout.LogoutFilter.doFilter(LogoutFilter.java:93) ~[spring-security-web-6.5.1.jar:6.5.1]
	at org.springframework.security.web.FilterChainProxy$VirtualFilterChain.doFilter(FilterChainProxy.java:374) ~[spring-security-web-6.5.1.jar:6.5.1]
	at org.springframework.security.web.header.HeaderWriterFilter.doHeadersAfter(HeaderWriterFilter.java:90) ~[spring-security-web-6.5.1.jar:6.5.1]
	at org.springframework.security.web.header.HeaderWriterFilter.doFilterInternal(HeaderWriterFilter.java:75) ~[spring-security-web-6.5.1.jar:6.5.1]
	at org.springframework.web.filter.OncePerRequestFilter.doFilter(OncePerRequestFilter.java:116) ~[spring-web-6.2.8.jar:6.2.8]
	at org.springframework.security.web.FilterChainProxy$VirtualFilterChain.doFilter(FilterChainProxy.java:374) ~[spring-security-web-6.5.1.jar:6.5.1]
	at org.springframework.security.web.context.SecurityContextHolderFilter.doFilter(SecurityContextHolderFilter.java:82) ~[spring-security-web-6.5.1.jar:6.5.1]
	at org.springframework.security.web.context.SecurityContextHolderFilter.doFilter(SecurityContextHolderFilter.java:69) ~[spring-security-web-6.5.1.jar:6.5.1]
	at org.springframework.security.web.FilterChainProxy$VirtualFilterChain.doFilter(FilterChainProxy.java:374) ~[spring-security-web-6.5.1.jar:6.5.1]
	at org.springframework.security.web.context.request.async.WebAsyncManagerIntegrationFilter.doFilterInternal(WebAsyncManagerIntegrationFilter.java:62) ~[spring-security-web-6.5.1.jar:6.5.1]
	at org.springframework.web.filter.OncePerRequestFilter.doFilter(OncePerRequestFilter.java:116) ~[spring-web-6.2.8.jar:6.2.8]
	at org.springframework.security.web.FilterChainProxy$VirtualFilterChain.doFilter(FilterChainProxy.java:374) ~[spring-security-web-6.5.1.jar:6.5.1]
	at org.springframework.security.web.session.DisableEncodeUrlFilter.doFilterInternal(DisableEncodeUrlFilter.java:42) ~[spring-security-web-6.5.1.jar:6.5.1]
	at org.springframework.web.filter.OncePerRequestFilter.doFilter(OncePerRequestFilter.java:116) ~[spring-web-6.2.8.jar:6.2.8]
	at org.springframework.security.web.FilterChainProxy$VirtualFilterChain.doFilter(FilterChainProxy.java:374) ~[spring-security-web-6.5.1.jar:6.5.1]
	at org.springframework.security.web.FilterChainProxy.doFilterInternal(FilterChainProxy.java:233) ~[spring-security-web-6.5.1.jar:6.5.1]
	at org.springframework.security.web.FilterChainProxy.doFilter(FilterChainProxy.java:191) ~[spring-security-web-6.5.1.jar:6.5.1]
	at org.springframework.web.filter.CompositeFilter$VirtualFilterChain.doFilter(CompositeFilter.java:113) ~[spring-web-6.2.8.jar:6.2.8]
	at org.springframework.web.filter.ServletRequestPathFilter.doFilter(ServletRequestPathFilter.java:52) ~[spring-web-6.2.8.jar:6.2.8]
	at org.springframework.web.filter.CompositeFilter$VirtualFilterChain.doFilter(CompositeFilter.java:113) ~[spring-web-6.2.8.jar:6.2.8]
	at org.springframework.web.filter.CompositeFilter.doFilter(CompositeFilter.java:74) ~[spring-web-6.2.8.jar:6.2.8]
	at org.springframework.security.config.annotation.web.configuration.WebSecurityConfiguration$CompositeFilterChainProxy.doFilter(WebSecurityConfiguration.java:319) ~[spring-security-config-6.5.1.jar:6.5.1]
	at org.springframework.web.filter.CompositeFilter$VirtualFilterChain.doFilter(CompositeFilter.java:113) ~[spring-web-6.2.8.jar:6.2.8]
	at org.springframework.web.servlet.handler.HandlerMappingIntrospector.lambda$createCacheFilter$4(HandlerMappingIntrospector.java:267) ~[spring-webmvc-6.2.8.jar:6.2.8]
	at org.springframework.web.filter.CompositeFilter$VirtualFilterChain.doFilter(CompositeFilter.java:113) ~[spring-web-6.2.8.jar:6.2.8]
	at org.springframework.web.filter.CompositeFilter.doFilter(CompositeFilter.java:74) ~[spring-web-6.2.8.jar:6.2.8]
	at org.springframework.security.config.annotation.web.configuration.WebMvcSecurityConfiguration$CompositeFilterChainProxy.doFilter(WebMvcSecurityConfiguration.java:240) ~[spring-security-config-6.5.1.jar:6.5.1]
	at org.springframework.web.filter.DelegatingFilterProxy.invokeDelegate(DelegatingFilterProxy.java:362) ~[spring-web-6.2.8.jar:6.2.8]
	at org.springframework.web.filter.DelegatingFilterProxy.doFilter(DelegatingFilterProxy.java:278) ~[spring-web-6.2.8.jar:6.2.8]
	at org.apache.catalina.core.ApplicationFilterChain.internalDoFilter(ApplicationFilterChain.java:164) ~[tomcat-embed-core-10.1.42.jar:10.1.42]
	at org.apache.catalina.core.ApplicationFilterChain.doFilter(ApplicationFilterChain.java:140) ~[tomcat-embed-core-10.1.42.jar:10.1.42]
	at org.springframework.web.filter.RequestContextFilter.doFilterInternal(RequestContextFilter.java:100) ~[spring-web-6.2.8.jar:6.2.8]
	at org.springframework.web.filter.OncePerRequestFilter.doFilter(OncePerRequestFilter.java:116) ~[spring-web-6.2.8.jar:6.2.8]
	at org.apache.catalina.core.ApplicationFilterChain.internalDoFilter(ApplicationFilterChain.java:164) ~[tomcat-embed-core-10.1.42.jar:10.1.42]
	at org.apache.catalina.core.ApplicationFilterChain.doFilter(ApplicationFilterChain.java:140) ~[tomcat-embed-core-10.1.42.jar:10.1.42]
	at org.springframework.web.filter.FormContentFilter.doFilterInternal(FormContentFilter.java:93) ~[spring-web-6.2.8.jar:6.2.8]
	at org.springframework.web.filter.OncePerRequestFilter.doFilter(OncePerRequestFilter.java:116) ~[spring-web-6.2.8.jar:6.2.8]
	at org.apache.catalina.core.ApplicationFilterChain.internalDoFilter(ApplicationFilterChain.java:164) ~[tomcat-embed-core-10.1.42.jar:10.1.42]
	at org.apache.catalina.core.ApplicationFilterChain.doFilter(ApplicationFilterChain.java:140) ~[tomcat-embed-core-10.1.42.jar:10.1.42]
	at org.springframework.web.filter.CharacterEncodingFilter.doFilterInternal(CharacterEncodingFilter.java:201) ~[spring-web-6.2.8.jar:6.2.8]
	at org.springframework.web.filter.OncePerRequestFilter.doFilter(OncePerRequestFilter.java:116) ~[spring-web-6.2.8.jar:6.2.8]
	at org.apache.catalina.core.ApplicationFilterChain.internalDoFilter(ApplicationFilterChain.java:164) ~[tomcat-embed-core-10.1.42.jar:10.1.42]
	at org.apache.catalina.core.ApplicationFilterChain.doFilter(ApplicationFilterChain.java:140) ~[tomcat-embed-core-10.1.42.jar:10.1.42]
	at org.apache.catalina.core.StandardWrapperValve.invoke(StandardWrapperValve.java:167) ~[tomcat-embed-core-10.1.42.jar:10.1.42]
	at org.apache.catalina.core.StandardContextValve.invoke(StandardContextValve.java:90) ~[tomcat-embed-core-10.1.42.jar:10.1.42]
	at org.apache.catalina.authenticator.AuthenticatorBase.invoke(AuthenticatorBase.java:483) ~[tomcat-embed-core-10.1.42.jar:10.1.42]
	at org.apache.catalina.core.StandardHostValve.invoke(StandardHostValve.java:116) ~[tomcat-embed-core-10.1.42.jar:10.1.42]
	at org.apache.catalina.valves.ErrorReportValve.invoke(ErrorReportValve.java:93) ~[tomcat-embed-core-10.1.42.jar:10.1.42]
	at org.apache.catalina.core.StandardEngineValve.invoke(StandardEngineValve.java:74) ~[tomcat-embed-core-10.1.42.jar:10.1.42]
	at org.apache.catalina.connector.CoyoteAdapter.service(CoyoteAdapter.java:344) ~[tomcat-embed-core-10.1.42.jar:10.1.42]
	at org.apache.coyote.http11.Http11Processor.service(Http11Processor.java:398) ~[tomcat-embed-core-10.1.42.jar:10.1.42]
	at org.apache.coyote.AbstractProcessorLight.process(AbstractProcessorLight.java:63) ~[tomcat-embed-core-10.1.42.jar:10.1.42]
	at org.apache.coyote.AbstractProtocol$ConnectionHandler.process(AbstractProtocol.java:903) ~[tomcat-embed-core-10.1.42.jar:10.1.42]
	at org.apache.tomcat.util.net.NioEndpoint$SocketProcessor.doRun(NioEndpoint.java:1769) ~[tomcat-embed-core-10.1.42.jar:10.1.42]
	at org.apache.tomcat.util.net.SocketProcessorBase.run(SocketProcessorBase.java:52) ~[tomcat-embed-core-10.1.42.jar:10.1.42]
	at org.apache.tomcat.util.threads.ThreadPoolExecutor.runWorker(ThreadPoolExecutor.java:1189) ~[tomcat-embed-core-10.1.42.jar:10.1.42]
	at org.apache.tomcat.util.threads.ThreadPoolExecutor$Worker.run(ThreadPoolExecutor.java:658) ~[tomcat-embed-core-10.1.42.jar:10.1.42]
	at org.apache.tomcat.util.threads.TaskThread$WrappingRunnable.run(TaskThread.java:63) ~[tomcat-embed-core-10.1.42.jar:10.1.42]
	at java.base/java.lang.Thread.run(Thread.java:1570) ~[na:na]

2026-05-30T21:29:19.030+05:30 TRACE 26860 --- [http-nio-8081-exec-6] o.s.security.web.FilterChainProxy        : Trying to match request against DefaultSecurityFilterChain defined as 'securityFilterChain' in [class path resource [com/aiops/auth_service/config/SecurityConfig.class]] matching [any request] and having filters [DisableEncodeUrl, WebAsyncManagerIntegration, SecurityContextHolder, HeaderWriter, Logout, JwtAuthentication, RequestCacheAware, SecurityContextHolderAwareRequest, AnonymousAuthentication, ExceptionTranslation, Authorization] (1/1)
2026-05-30T21:29:19.031+05:30 DEBUG 26860 --- [http-nio-8081-exec-6] o.s.security.web.FilterChainProxy        : Securing POST /error
2026-05-30T21:29:19.032+05:30 TRACE 26860 --- [http-nio-8081-exec-6] o.s.security.web.FilterChainProxy        : Invoking DisableEncodeUrlFilter (1/11)
2026-05-30T21:29:19.032+05:30 TRACE 26860 --- [http-nio-8081-exec-6] o.s.security.web.FilterChainProxy        : Invoking WebAsyncManagerIntegrationFilter (2/11)
2026-05-30T21:29:19.034+05:30 TRACE 26860 --- [http-nio-8081-exec-6] o.s.security.web.FilterChainProxy        : Invoking SecurityContextHolderFilter (3/11)
2026-05-30T21:29:19.035+05:30 TRACE 26860 --- [http-nio-8081-exec-6] o.s.security.web.FilterChainProxy        : Invoking HeaderWriterFilter (4/11)
2026-05-30T21:29:19.036+05:30 TRACE 26860 --- [http-nio-8081-exec-6] o.s.security.web.FilterChainProxy        : Invoking LogoutFilter (5/11)
2026-05-30T21:29:19.041+05:30 TRACE 26860 --- [http-nio-8081-exec-6] o.s.s.w.a.logout.LogoutFilter            : Did not match request to Or [Ant [pattern='/logout', GET], Ant [pattern='/logout', POST], Ant [pattern='/logout', PUT], Ant [pattern='/logout', DELETE]]
2026-05-30T21:29:19.042+05:30 TRACE 26860 --- [http-nio-8081-exec-6] o.s.security.web.FilterChainProxy        : Invoking JwtAuthenticationFilter (6/11)
2026-05-30T21:29:19.044+05:30 TRACE 26860 --- [http-nio-8081-exec-6] o.s.security.web.FilterChainProxy        : Invoking RequestCacheAwareFilter (7/11)
2026-05-30T21:29:19.045+05:30 TRACE 26860 --- [http-nio-8081-exec-6] o.s.s.w.s.HttpSessionRequestCache        : matchingRequestParameterName is required for getMatchingRequest to lookup a value, but not provided
2026-05-30T21:29:19.045+05:30 TRACE 26860 --- [http-nio-8081-exec-6] o.s.security.web.FilterChainProxy        : Invoking SecurityContextHolderAwareRequestFilter (8/11)
2026-05-30T21:29:19.045+05:30 TRACE 26860 --- [http-nio-8081-exec-6] o.s.security.web.FilterChainProxy        : Invoking AnonymousAuthenticationFilter (9/11)
2026-05-30T21:29:19.045+05:30 TRACE 26860 --- [http-nio-8081-exec-6] o.s.security.web.FilterChainProxy        : Invoking ExceptionTranslationFilter (10/11)
2026-05-30T21:29:19.045+05:30 TRACE 26860 --- [http-nio-8081-exec-6] o.s.security.web.FilterChainProxy        : Invoking AuthorizationFilter (11/11)
2026-05-30T21:29:19.045+05:30 TRACE 26860 --- [http-nio-8081-exec-6] estMatcherDelegatingAuthorizationManager : Authorizing POST /error
2026-05-30T21:29:19.046+05:30 TRACE 26860 --- [http-nio-8081-exec-6] estMatcherDelegatingAuthorizationManager : Checking authorization on POST /error using org.springframework.security.authorization.AuthenticatedAuthorizationManager@34630b51
2026-05-30T21:29:19.046+05:30 TRACE 26860 --- [http-nio-8081-exec-6] w.c.HttpSessionSecurityContextRepository : No HttpSession currently exists
2026-05-30T21:29:19.047+05:30 TRACE 26860 --- [http-nio-8081-exec-6] .s.s.w.c.SupplierDeferredSecurityContext : Created SecurityContextImpl [Null authentication]
2026-05-30T21:29:19.047+05:30 TRACE 26860 --- [http-nio-8081-exec-6] .s.s.w.c.SupplierDeferredSecurityContext : Created SecurityContextImpl [Null authentication]
2026-05-30T21:29:19.048+05:30 TRACE 26860 --- [http-nio-8081-exec-6] o.s.s.w.a.AnonymousAuthenticationFilter  : Set SecurityContextHolder to AnonymousAuthenticationToken [Principal=anonymousUser, Credentials=[PROTECTED], Authenticated=true, Details=WebAuthenticationDetails [RemoteIpAddress=0:0:0:0:0:0:0:1, SessionId=null], Granted Authorities=[ROLE_ANONYMOUS]]
2026-05-30T21:29:19.049+05:30 TRACE 26860 --- [http-nio-8081-exec-6] o.s.s.w.a.ExceptionTranslationFilter     : Sending AnonymousAuthenticationToken [Principal=anonymousUser, Credentials=[PROTECTED], Authenticated=true, Details=WebAuthenticationDetails [RemoteIpAddress=0:0:0:0:0:0:0:1, SessionId=null], Granted Authorities=[ROLE_ANONYMOUS]] to authentication entry point since access is denied

org.springframework.security.authorization.AuthorizationDeniedException: Access Denied
	at org.springframework.security.web.access.intercept.AuthorizationFilter.doFilter(AuthorizationFilter.java:99) ~[spring-security-web-6.5.1.jar:6.5.1]
	at org.springframework.security.web.FilterChainProxy$VirtualFilterChain.doFilter(FilterChainProxy.java:374) ~[spring-security-web-6.5.1.jar:6.5.1]
	at org.springframework.security.web.access.ExceptionTranslationFilter.doFilter(ExceptionTranslationFilter.java:125) ~[spring-security-web-6.5.1.jar:6.5.1]
	at org.springframework.security.web.access.ExceptionTranslationFilter.doFilter(ExceptionTranslationFilter.java:119) ~[spring-security-web-6.5.1.jar:6.5.1]
	at org.springframework.security.web.FilterChainProxy$VirtualFilterChain.doFilter(FilterChainProxy.java:374) ~[spring-security-web-6.5.1.jar:6.5.1]
	at org.springframework.security.web.authentication.AnonymousAuthenticationFilter.doFilter(AnonymousAuthenticationFilter.java:100) ~[spring-security-web-6.5.1.jar:6.5.1]
	at org.springframework.security.web.FilterChainProxy$VirtualFilterChain.doFilter(FilterChainProxy.java:374) ~[spring-security-web-6.5.1.jar:6.5.1]
	at org.springframework.security.web.servletapi.SecurityContextHolderAwareRequestFilter.doFilter(SecurityContextHolderAwareRequestFilter.java:179) ~[spring-security-web-6.5.1.jar:6.5.1]
	at org.springframework.security.web.FilterChainProxy$VirtualFilterChain.doFilter(FilterChainProxy.java:374) ~[spring-security-web-6.5.1.jar:6.5.1]
	at org.springframework.security.web.savedrequest.RequestCacheAwareFilter.doFilter(RequestCacheAwareFilter.java:63) ~[spring-security-web-6.5.1.jar:6.5.1]
	at org.springframework.security.web.FilterChainProxy$VirtualFilterChain.doFilter(FilterChainProxy.java:374) ~[spring-security-web-6.5.1.jar:6.5.1]
	at org.springframework.web.filter.OncePerRequestFilter.doFilter(OncePerRequestFilter.java:101) ~[spring-web-6.2.8.jar:6.2.8]
	at org.springframework.security.web.FilterChainProxy$VirtualFilterChain.doFilter(FilterChainProxy.java:374) ~[spring-security-web-6.5.1.jar:6.5.1]
	at org.springframework.security.web.authentication.logout.LogoutFilter.doFilter(LogoutFilter.java:107) ~[spring-security-web-6.5.1.jar:6.5.1]
	at org.springframework.security.web.authentication.logout.LogoutFilter.doFilter(LogoutFilter.java:93) ~[spring-security-web-6.5.1.jar:6.5.1]
	at org.springframework.security.web.FilterChainProxy$VirtualFilterChain.doFilter(FilterChainProxy.java:374) ~[spring-security-web-6.5.1.jar:6.5.1]
	at org.springframework.web.filter.OncePerRequestFilter.doFilter(OncePerRequestFilter.java:101) ~[spring-web-6.2.8.jar:6.2.8]
	at org.springframework.security.web.FilterChainProxy$VirtualFilterChain.doFilter(FilterChainProxy.java:374) ~[spring-security-web-6.5.1.jar:6.5.1]
	at org.springframework.security.web.context.SecurityContextHolderFilter.doFilter(SecurityContextHolderFilter.java:82) ~[spring-security-web-6.5.1.jar:6.5.1]
	at org.springframework.security.web.context.SecurityContextHolderFilter.doFilter(SecurityContextHolderFilter.java:69) ~[spring-security-web-6.5.1.jar:6.5.1]
	at org.springframework.security.web.FilterChainProxy$VirtualFilterChain.doFilter(FilterChainProxy.java:374) ~[spring-security-web-6.5.1.jar:6.5.1]
	at org.springframework.web.filter.OncePerRequestFilter.doFilter(OncePerRequestFilter.java:101) ~[spring-web-6.2.8.jar:6.2.8]
	at org.springframework.security.web.FilterChainProxy$VirtualFilterChain.doFilter(FilterChainProxy.java:374) ~[spring-security-web-6.5.1.jar:6.5.1]
	at org.springframework.web.filter.OncePerRequestFilter.doFilter(OncePerRequestFilter.java:101) ~[spring-web-6.2.8.jar:6.2.8]
	at org.springframework.security.web.FilterChainProxy$VirtualFilterChain.doFilter(FilterChainProxy.java:374) ~[spring-security-web-6.5.1.jar:6.5.1]
	at org.springframework.security.web.FilterChainProxy.doFilterInternal(FilterChainProxy.java:233) ~[spring-security-web-6.5.1.jar:6.5.1]
	at org.springframework.security.web.FilterChainProxy.doFilter(FilterChainProxy.java:191) ~[spring-security-web-6.5.1.jar:6.5.1]
	at org.springframework.web.filter.CompositeFilter$VirtualFilterChain.doFilter(CompositeFilter.java:113) ~[spring-web-6.2.8.jar:6.2.8]
	at org.springframework.web.filter.ServletRequestPathFilter.doFilter(ServletRequestPathFilter.java:52) ~[spring-web-6.2.8.jar:6.2.8]
	at org.springframework.web.filter.CompositeFilter$VirtualFilterChain.doFilter(CompositeFilter.java:113) ~[spring-web-6.2.8.jar:6.2.8]
	at org.springframework.web.filter.CompositeFilter.doFilter(CompositeFilter.java:74) ~[spring-web-6.2.8.jar:6.2.8]
	at org.springframework.security.config.annotation.web.configuration.WebSecurityConfiguration$CompositeFilterChainProxy.doFilter(WebSecurityConfiguration.java:319) ~[spring-security-config-6.5.1.jar:6.5.1]
	at org.springframework.web.filter.CompositeFilter$VirtualFilterChain.doFilter(CompositeFilter.java:113) ~[spring-web-6.2.8.jar:6.2.8]
	at org.springframework.web.servlet.handler.HandlerMappingIntrospector.lambda$createCacheFilter$4(HandlerMappingIntrospector.java:267) ~[spring-webmvc-6.2.8.jar:6.2.8]
	at org.springframework.web.filter.CompositeFilter$VirtualFilterChain.doFilter(CompositeFilter.java:113) ~[spring-web-6.2.8.jar:6.2.8]
	at org.springframework.web.filter.CompositeFilter.doFilter(CompositeFilter.java:74) ~[spring-web-6.2.8.jar:6.2.8]
	at org.springframework.security.config.annotation.web.configuration.WebMvcSecurityConfiguration$CompositeFilterChainProxy.doFilter(WebMvcSecurityConfiguration.java:240) ~[spring-security-config-6.5.1.jar:6.5.1]
	at org.springframework.web.filter.DelegatingFilterProxy.invokeDelegate(DelegatingFilterProxy.java:362) ~[spring-web-6.2.8.jar:6.2.8]
	at org.springframework.web.filter.DelegatingFilterProxy.doFilter(DelegatingFilterProxy.java:278) ~[spring-web-6.2.8.jar:6.2.8]
	at org.apache.catalina.core.ApplicationFilterChain.internalDoFilter(ApplicationFilterChain.java:164) ~[tomcat-embed-core-10.1.42.jar:10.1.42]
	at org.apache.catalina.core.ApplicationFilterChain.doFilter(ApplicationFilterChain.java:140) ~[tomcat-embed-core-10.1.42.jar:10.1.42]
	at org.springframework.web.filter.RequestContextFilter.doFilterInternal(RequestContextFilter.java:100) ~[spring-web-6.2.8.jar:6.2.8]
	at org.springframework.web.filter.OncePerRequestFilter.doFilter(OncePerRequestFilter.java:116) ~[spring-web-6.2.8.jar:6.2.8]
	at org.apache.catalina.core.ApplicationFilterChain.internalDoFilter(ApplicationFilterChain.java:164) ~[tomcat-embed-core-10.1.42.jar:10.1.42]
	at org.apache.catalina.core.ApplicationFilterChain.doFilter(ApplicationFilterChain.java:140) ~[tomcat-embed-core-10.1.42.jar:10.1.42]
	at org.springframework.web.filter.OncePerRequestFilter.doFilter(OncePerRequestFilter.java:101) ~[spring-web-6.2.8.jar:6.2.8]
	at org.apache.catalina.core.ApplicationFilterChain.internalDoFilter(ApplicationFilterChain.java:164) ~[tomcat-embed-core-10.1.42.jar:10.1.42]
	at org.apache.catalina.core.ApplicationFilterChain.doFilter(ApplicationFilterChain.java:140) ~[tomcat-embed-core-10.1.42.jar:10.1.42]
	at org.springframework.web.filter.OncePerRequestFilter.doFilter(OncePerRequestFilter.java:101) ~[spring-web-6.2.8.jar:6.2.8]
	at org.apache.catalina.core.ApplicationFilterChain.internalDoFilter(ApplicationFilterChain.java:164) ~[tomcat-embed-core-10.1.42.jar:10.1.42]
	at org.apache.catalina.core.ApplicationFilterChain.doFilter(ApplicationFilterChain.java:140) ~[tomcat-embed-core-10.1.42.jar:10.1.42]
	at org.apache.catalina.core.ApplicationDispatcher.invoke(ApplicationDispatcher.java:612) ~[tomcat-embed-core-10.1.42.jar:10.1.42]
	at org.apache.catalina.core.ApplicationDispatcher.processRequest(ApplicationDispatcher.java:396) ~[tomcat-embed-core-10.1.42.jar:10.1.42]
	at org.apache.catalina.core.ApplicationDispatcher.doForward(ApplicationDispatcher.java:323) ~[tomcat-embed-core-10.1.42.jar:10.1.42]
	at org.apache.catalina.core.ApplicationDispatcher.forward(ApplicationDispatcher.java:268) ~[tomcat-embed-core-10.1.42.jar:10.1.42]
	at org.apache.catalina.core.StandardHostValve.custom(StandardHostValve.java:377) ~[tomcat-embed-core-10.1.42.jar:10.1.42]
	at org.apache.catalina.core.StandardHostValve.status(StandardHostValve.java:209) ~[tomcat-embed-core-10.1.42.jar:10.1.42]
	at org.apache.catalina.core.StandardHostValve.throwable(StandardHostValve.java:286) ~[tomcat-embed-core-10.1.42.jar:10.1.42]
	at org.apache.catalina.core.StandardHostValve.invoke(StandardHostValve.java:150) ~[tomcat-embed-core-10.1.42.jar:10.1.42]
	at org.apache.catalina.valves.ErrorReportValve.invoke(ErrorReportValve.java:93) ~[tomcat-embed-core-10.1.42.jar:10.1.42]
	at org.apache.catalina.core.StandardEngineValve.invoke(StandardEngineValve.java:74) ~[tomcat-embed-core-10.1.42.jar:10.1.42]
	at org.apache.catalina.connector.CoyoteAdapter.service(CoyoteAdapter.java:344) ~[tomcat-embed-core-10.1.42.jar:10.1.42]
	at org.apache.coyote.http11.Http11Processor.service(Http11Processor.java:398) ~[tomcat-embed-core-10.1.42.jar:10.1.42]
	at org.apache.coyote.AbstractProcessorLight.process(AbstractProcessorLight.java:63) ~[tomcat-embed-core-10.1.42.jar:10.1.42]
	at org.apache.coyote.AbstractProtocol$ConnectionHandler.process(AbstractProtocol.java:903) ~[tomcat-embed-core-10.1.42.jar:10.1.42]
	at org.apache.tomcat.util.net.NioEndpoint$SocketProcessor.doRun(NioEndpoint.java:1769) ~[tomcat-embed-core-10.1.42.jar:10.1.42]
	at org.apache.tomcat.util.net.SocketProcessorBase.run(SocketProcessorBase.java:52) ~[tomcat-embed-core-10.1.42.jar:10.1.42]
	at org.apache.tomcat.util.threads.ThreadPoolExecutor.runWorker(ThreadPoolExecutor.java:1189) ~[tomcat-embed-core-10.1.42.jar:10.1.42]
	at org.apache.tomcat.util.threads.ThreadPoolExecutor$Worker.run(ThreadPoolExecutor.java:658) ~[tomcat-embed-core-10.1.42.jar:10.1.42]
	at org.apache.tomcat.util.threads.TaskThread$WrappingRunnable.run(TaskThread.java:63) ~[tomcat-embed-core-10.1.42.jar:10.1.42]
	at java.base/java.lang.Thread.run(Thread.java:1570) ~[na:na]

2026-05-30T21:29:19.057+05:30 DEBUG 26860 --- [http-nio-8081-exec-6] o.s.s.w.s.HttpSessionRequestCache        : Saved request http://localhost:8081/error?continue to session
2026-05-30T21:29:19.058+05:30 DEBUG 26860 --- [http-nio-8081-exec-6] o.s.s.w.a.Http403ForbiddenEntryPoint     : Pre-authenticated entry point called. Rejecting access
2026-05-30T21:29:37.792+05:30  INFO 26860 --- [SpringApplicationShutdownHook] o.s.b.w.e.tomcat.GracefulShutdown        : Commencing graceful shutdown. Waiting for active requests to complete
2026-05-30T21:29:37.867+05:30  INFO 26860 --- [tomcat-shutdown] o.s.b.w.e.tomcat.GracefulShutdown        : Graceful shutdown complete
2026-05-30T21:29:37.871+05:30  INFO 26860 --- [SpringApplicationShutdownHook] j.LocalContainerEntityManagerFactoryBean : Closing JPA EntityManagerFactory for persistence unit 'default'
2026-05-30T21:29:37.873+05:30  INFO 26860 --- [SpringApplicationShutdownHook] com.zaxxer.hikari.HikariDataSource       : HikariPool-1 - Shutdown initiated...
2026-05-30T21:29:37.880+05:30  INFO 26860 --- [SpringApplicationShutdownHook] com.zaxxer.hikari.HikariDataSource       : HikariPool-1 - Shutdown completed.
2026-05-30T21:30:57.440+05:30  INFO 28120 --- [main] c.a.auth_service.AuthServiceApplication  : Starting AuthServiceApplication using Java 22.0.1 with PID 28120 (C:\Users\verma\OneDrive\Desktop\AI Developer Productivity Platform\Backend\auth-service\target\classes started by verma in C:\Users\verma\OneDrive\Desktop\AI Developer Productivity Platform\Backend\auth-service)
2026-05-30T21:30:57.444+05:30  INFO 28120 --- [main] c.a.auth_service.AuthServiceApplication  : No active profile set, falling back to 1 default profile: "default"
2026-05-30T21:30:58.289+05:30  INFO 28120 --- [main] .s.d.r.c.RepositoryConfigurationDelegate : Bootstrapping Spring Data JPA repositories in DEFAULT mode.
2026-05-30T21:30:58.363+05:30  INFO 28120 --- [main] .s.d.r.c.RepositoryConfigurationDelegate : Finished Spring Data repository scanning in 62 ms. Found 1 JPA repository interface.
2026-05-30T21:30:58.971+05:30  INFO 28120 --- [main] o.s.b.w.embedded.tomcat.TomcatWebServer  : Tomcat initialized with port 8081 (http)
2026-05-30T21:30:58.991+05:30  INFO 28120 --- [main] o.apache.catalina.core.StandardService   : Starting service [Tomcat]
2026-05-30T21:30:58.992+05:30  INFO 28120 --- [main] o.apache.catalina.core.StandardEngine    : Starting Servlet engine: [Apache Tomcat/10.1.42]
2026-05-30T21:30:59.073+05:30  INFO 28120 --- [main] o.a.c.c.C.[Tomcat].[localhost].[/]       : Initializing Spring embedded WebApplicationContext
2026-05-30T21:30:59.074+05:30  INFO 28120 --- [main] w.s.c.ServletWebServerApplicationContext : Root WebApplicationContext: initialization completed in 1568 ms
2026-05-30T21:30:59.291+05:30  INFO 28120 --- [main] o.hibernate.jpa.internal.util.LogHelper  : HHH000204: Processing PersistenceUnitInfo [name: default]
2026-05-30T21:30:59.363+05:30  INFO 28120 --- [main] org.hibernate.Version                    : HHH000412: Hibernate ORM core version 6.6.18.Final
2026-05-30T21:30:59.407+05:30  INFO 28120 --- [main] o.h.c.internal.RegionFactoryInitiator    : HHH000026: Second-level cache disabled
2026-05-30T21:30:59.748+05:30  INFO 28120 --- [main] o.s.o.j.p.SpringPersistenceUnitInfo      : No LoadTimeWeaver setup: ignoring JPA class transformer
2026-05-30T21:30:59.791+05:30  INFO 28120 --- [main] com.zaxxer.hikari.HikariDataSource       : HikariPool-1 - Starting...
2026-05-30T21:30:59.992+05:30  INFO 28120 --- [main] com.zaxxer.hikari.pool.HikariPool        : HikariPool-1 - Added connection org.postgresql.jdbc.PgConnection@25109608
2026-05-30T21:30:59.995+05:30  INFO 28120 --- [main] com.zaxxer.hikari.HikariDataSource       : HikariPool-1 - Start completed.
2026-05-30T21:31:00.046+05:30  WARN 28120 --- [main] org.hibernate.orm.deprecation            : HHH90000025: PostgreSQLDialect does not need to be specified explicitly using 'hibernate.dialect' (remove the property setting and it will be selected by default)
2026-05-30T21:31:00.073+05:30  INFO 28120 --- [main] org.hibernate.orm.connections.pooling    : HHH10001005: Database info:
	Database JDBC URL [Connecting through datasource 'HikariDataSource (HikariPool-1)']
	Database driver: undefined/unknown
	Database version: 16.14
	Autocommit mode: undefined/unknown
	Isolation level: undefined/unknown
	Minimum pool size: undefined/unknown
	Maximum pool size: undefined/unknown
2026-05-30T21:31:01.090+05:30  INFO 28120 --- [main] o.h.e.t.j.p.i.JtaPlatformInitiator       : HHH000489: No JTA platform available (set 'hibernate.transaction.jta.platform' to enable JTA platform integration)
2026-05-30T21:31:01.156+05:30  INFO 28120 --- [main] j.LocalContainerEntityManagerFactoryBean : Initialized JPA EntityManagerFactory for persistence unit 'default'
2026-05-30T21:31:01.492+05:30  WARN 28120 --- [main] JpaBaseConfiguration$JpaWebConfiguration : spring.jpa.open-in-view is enabled by default. Therefore, database queries may be performed during view rendering. Explicitly configure spring.jpa.open-in-view to disable this warning
2026-05-30T21:31:01.528+05:30 TRACE 28120 --- [main] eGlobalAuthenticationAutowiredConfigurer : Eagerly initializing {org.springframework.boot.autoconfigure.security.servlet.SpringBootWebSecurityConfiguration$WebSecurityEnablerConfiguration=org.springframework.boot.autoconfigure.security.servlet.SpringBootWebSecurityConfiguration$WebSecurityEnablerConfiguration@71689ee2}
2026-05-30T21:31:01.545+05:30  INFO 28120 --- [main] r$InitializeUserDetailsManagerConfigurer : Global AuthenticationManager configured with UserDetailsService bean with name customUserDetailsService
2026-05-30T21:31:01.701+05:30 DEBUG 28120 --- [main] s.w.s.m.m.a.RequestMappingHandlerMapping : 5 mappings in 'requestMappingHandlerMapping'
2026-05-30T21:31:01.788+05:30 DEBUG 28120 --- [main] o.s.w.s.handler.SimpleUrlHandlerMapping  : Patterns [/webjars/**, /**] in 'resourceHandlerMapping'
2026-05-30T21:31:01.826+05:30 DEBUG 28120 --- [main] o.s.s.web.DefaultSecurityFilterChain     : Will secure any request with filters: DisableEncodeUrlFilter, WebAsyncManagerIntegrationFilter, SecurityContextHolderFilter, HeaderWriterFilter, LogoutFilter, JwtAuthenticationFilter, RequestCacheAwareFilter, SecurityContextHolderAwareRequestFilter, AnonymousAuthenticationFilter, SessionManagementFilter, ExceptionTranslationFilter, AuthorizationFilter
2026-05-30T21:31:01.887+05:30 DEBUG 28120 --- [main] s.w.s.m.m.a.RequestMappingHandlerAdapter : ControllerAdvice beans: 0 @ModelAttribute, 0 @InitBinder, 1 RequestBodyAdvice, 1 ResponseBodyAdvice
2026-05-30T21:31:01.937+05:30 DEBUG 28120 --- [main] .m.m.a.ExceptionHandlerExceptionResolver : ControllerAdvice beans: 1 @ExceptionHandler, 1 ResponseBodyAdvice
2026-05-30T21:31:02.119+05:30  INFO 28120 --- [main] o.s.b.w.embedded.tomcat.TomcatWebServer  : Tomcat started on port 8081 (http) with context path '/'
2026-05-30T21:31:02.129+05:30  INFO 28120 --- [main] c.a.auth_service.AuthServiceApplication  : Started AuthServiceApplication in 5.3 seconds (process running for 5.753)
2026-05-30T21:31:49.864+05:30  INFO 28120 --- [http-nio-8081-exec-1] o.a.c.c.C.[Tomcat].[localhost].[/]       : Initializing Spring DispatcherServlet 'dispatcherServlet'
2026-05-30T21:31:49.865+05:30  INFO 28120 --- [http-nio-8081-exec-1] o.s.web.servlet.DispatcherServlet        : Initializing Servlet 'dispatcherServlet'
2026-05-30T21:31:49.866+05:30 TRACE 28120 --- [http-nio-8081-exec-1] o.s.web.servlet.DispatcherServlet        : Detected org.springframework.web.multipart.support.StandardServletMultipartResolver@3a22d69f
2026-05-30T21:31:49.867+05:30 TRACE 28120 --- [http-nio-8081-exec-1] o.s.web.servlet.DispatcherServlet        : Detected org.springframework.web.servlet.i18n.AcceptHeaderLocaleResolver@1f207142
2026-05-30T21:31:49.868+05:30 TRACE 28120 --- [http-nio-8081-exec-1] o.s.web.servlet.DispatcherServlet        : Detected org.springframework.web.servlet.theme.FixedThemeResolver@1ae90cb9
2026-05-30T21:31:49.870+05:30 TRACE 28120 --- [http-nio-8081-exec-1] o.s.web.servlet.DispatcherServlet        : Detected DefaultRequestToViewNameTranslator
2026-05-30T21:31:49.871+05:30 TRACE 28120 --- [http-nio-8081-exec-1] o.s.web.servlet.DispatcherServlet        : Detected SessionFlashMapManager
2026-05-30T21:31:49.874+05:30 DEBUG 28120 --- [http-nio-8081-exec-1] o.s.web.servlet.DispatcherServlet        : enableLoggingRequestDetails='false': request parameters and headers will be masked to prevent unsafe logging of potentially sensitive data
2026-05-30T21:31:49.876+05:30  INFO 28120 --- [http-nio-8081-exec-1] o.s.web.servlet.DispatcherServlet        : Completed initialization in 9 ms
2026-05-30T21:31:49.941+05:30 TRACE 28120 --- [http-nio-8081-exec-1] o.s.security.web.FilterChainProxy        : Trying to match request against DefaultSecurityFilterChain defined as 'securityFilterChain' in [class path resource [com/aiops/auth_service/config/SecurityConfig.class]] matching [any request] and having filters [DisableEncodeUrl, WebAsyncManagerIntegration, SecurityContextHolder, HeaderWriter, Logout, JwtAuthentication, RequestCacheAware, SecurityContextHolderAwareRequest, AnonymousAuthentication, SessionManagement, ExceptionTranslation, Authorization] (1/1)
2026-05-30T21:31:49.943+05:30 DEBUG 28120 --- [http-nio-8081-exec-1] o.s.security.web.FilterChainProxy        : Securing POST /api/v1/auth/register
2026-05-30T21:31:49.946+05:30 TRACE 28120 --- [http-nio-8081-exec-1] o.s.security.web.FilterChainProxy        : Invoking DisableEncodeUrlFilter (1/12)
2026-05-30T21:31:49.948+05:30 TRACE 28120 --- [http-nio-8081-exec-1] o.s.security.web.FilterChainProxy        : Invoking WebAsyncManagerIntegrationFilter (2/12)
2026-05-30T21:31:49.957+05:30 TRACE 28120 --- [http-nio-8081-exec-1] o.s.security.web.FilterChainProxy        : Invoking SecurityContextHolderFilter (3/12)
2026-05-30T21:31:49.960+05:30 TRACE 28120 --- [http-nio-8081-exec-1] o.s.security.web.FilterChainProxy        : Invoking HeaderWriterFilter (4/12)
2026-05-30T21:31:49.968+05:30 TRACE 28120 --- [http-nio-8081-exec-1] o.s.security.web.FilterChainProxy        : Invoking LogoutFilter (5/12)
2026-05-30T21:31:49.969+05:30 TRACE 28120 --- [http-nio-8081-exec-1] o.s.s.w.a.logout.LogoutFilter            : Did not match request to Or [Ant [pattern='/logout', GET], Ant [pattern='/logout', POST], Ant [pattern='/logout', PUT], Ant [pattern='/logout', DELETE]]
2026-05-30T21:31:49.970+05:30 TRACE 28120 --- [http-nio-8081-exec-1] o.s.security.web.FilterChainProxy        : Invoking JwtAuthenticationFilter (6/12)
2026-05-30T21:31:49.971+05:30 TRACE 28120 --- [http-nio-8081-exec-1] o.s.security.web.FilterChainProxy        : Invoking RequestCacheAwareFilter (7/12)
2026-05-30T21:31:49.972+05:30 TRACE 28120 --- [http-nio-8081-exec-1] o.s.security.web.FilterChainProxy        : Invoking SecurityContextHolderAwareRequestFilter (8/12)
2026-05-30T21:31:49.978+05:30 TRACE 28120 --- [http-nio-8081-exec-1] o.s.security.web.FilterChainProxy        : Invoking AnonymousAuthenticationFilter (9/12)
2026-05-30T21:31:49.981+05:30 TRACE 28120 --- [http-nio-8081-exec-1] o.s.security.web.FilterChainProxy        : Invoking SessionManagementFilter (10/12)
2026-05-30T21:31:49.982+05:30 TRACE 28120 --- [http-nio-8081-exec-1] .s.s.w.c.SupplierDeferredSecurityContext : Created SecurityContextImpl [Null authentication]
2026-05-30T21:31:49.986+05:30 TRACE 28120 --- [http-nio-8081-exec-1] o.s.s.w.a.AnonymousAuthenticationFilter  : Set SecurityContextHolder to AnonymousAuthenticationToken [Principal=anonymousUser, Credentials=[PROTECTED], Authenticated=true, Details=WebAuthenticationDetails [RemoteIpAddress=0:0:0:0:0:0:0:1, SessionId=null], Granted Authorities=[ROLE_ANONYMOUS]]
2026-05-30T21:31:49.987+05:30 TRACE 28120 --- [http-nio-8081-exec-1] o.s.security.web.FilterChainProxy        : Invoking ExceptionTranslationFilter (11/12)
2026-05-30T21:31:49.988+05:30 TRACE 28120 --- [http-nio-8081-exec-1] o.s.security.web.FilterChainProxy        : Invoking AuthorizationFilter (12/12)
2026-05-30T21:31:49.990+05:30 TRACE 28120 --- [http-nio-8081-exec-1] estMatcherDelegatingAuthorizationManager : Authorizing POST /api/v1/auth/register
2026-05-30T21:31:49.995+05:30 TRACE 28120 --- [http-nio-8081-exec-1] estMatcherDelegatingAuthorizationManager : Checking authorization on POST /api/v1/auth/register using org.springframework.security.authorization.SingleResultAuthorizationManager@4a46932b
2026-05-30T21:31:49.998+05:30 DEBUG 28120 --- [http-nio-8081-exec-1] o.s.security.web.FilterChainProxy        : Secured POST /api/v1/auth/register
2026-05-30T21:31:50.013+05:30 TRACE 28120 --- [http-nio-8081-exec-1] o.s.web.servlet.DispatcherServlet        : POST "/api/v1/auth/register", parameters={}, headers={masked} in DispatcherServlet 'dispatcherServlet'
2026-05-30T21:31:50.019+05:30 DEBUG 28120 --- [http-nio-8081-exec-1] s.w.s.m.m.a.RequestMappingHandlerMapping : Mapped to com.aiops.auth_service.controller.AuthController#register(RegisterRequest)
2026-05-30T21:31:50.255+05:30 DEBUG 28120 --- [http-nio-8081-exec-1] m.m.a.RequestResponseBodyMethodProcessor : Read "application/json;charset=UTF-8" to [com.aiops.auth_service.dto.RegisterRequest@2b86f4bf]
2026-05-30T21:31:51.186+05:30 DEBUG 28120 --- [http-nio-8081-exec-1] m.m.a.RequestResponseBodyMethodProcessor : Using 'text/plain', given [*/*] and supported [text/plain, */*, application/json, application/*+json]
2026-05-30T21:31:51.187+05:30 DEBUG 28120 --- [http-nio-8081-exec-1] m.m.a.RequestResponseBodyMethodProcessor : Writing ["User registered successfully"]
2026-05-30T21:31:51.194+05:30 TRACE 28120 --- [http-nio-8081-exec-1] o.s.s.w.header.writers.HstsHeaderWriter  : Not injecting HSTS header since it did not match request to [Is Secure]
2026-05-30T21:31:51.202+05:30 TRACE 28120 --- [http-nio-8081-exec-1] o.s.web.servlet.DispatcherServlet        : No view rendering, null ModelAndView returned.
2026-05-30T21:31:51.204+05:30 DEBUG 28120 --- [http-nio-8081-exec-1] o.s.web.servlet.DispatcherServlet        : Completed 200 OK, headers={masked}
2026-05-30T21:32:22.914+05:30 TRACE 28120 --- [http-nio-8081-exec-6] o.s.security.web.FilterChainProxy        : Trying to match request against DefaultSecurityFilterChain defined as 'securityFilterChain' in [class path resource [com/aiops/auth_service/config/SecurityConfig.class]] matching [any request] and having filters [DisableEncodeUrl, WebAsyncManagerIntegration, SecurityContextHolder, HeaderWriter, Logout, JwtAuthentication, RequestCacheAware, SecurityContextHolderAwareRequest, AnonymousAuthentication, SessionManagement, ExceptionTranslation, Authorization] (1/1)
2026-05-30T21:32:22.916+05:30 DEBUG 28120 --- [http-nio-8081-exec-6] o.s.security.web.FilterChainProxy        : Securing POST /api/v1/auth/login
2026-05-30T21:32:22.916+05:30 TRACE 28120 --- [http-nio-8081-exec-6] o.s.security.web.FilterChainProxy        : Invoking DisableEncodeUrlFilter (1/12)
2026-05-30T21:32:22.917+05:30 TRACE 28120 --- [http-nio-8081-exec-6] o.s.security.web.FilterChainProxy        : Invoking WebAsyncManagerIntegrationFilter (2/12)
2026-05-30T21:32:22.918+05:30 TRACE 28120 --- [http-nio-8081-exec-6] o.s.security.web.FilterChainProxy        : Invoking SecurityContextHolderFilter (3/12)
2026-05-30T21:32:22.919+05:30 TRACE 28120 --- [http-nio-8081-exec-6] o.s.security.web.FilterChainProxy        : Invoking HeaderWriterFilter (4/12)
2026-05-30T21:32:22.920+05:30 TRACE 28120 --- [http-nio-8081-exec-6] o.s.security.web.FilterChainProxy        : Invoking LogoutFilter (5/12)
2026-05-30T21:32:22.920+05:30 TRACE 28120 --- [http-nio-8081-exec-6] o.s.s.w.a.logout.LogoutFilter            : Did not match request to Or [Ant [pattern='/logout', GET], Ant [pattern='/logout', POST], Ant [pattern='/logout', PUT], Ant [pattern='/logout', DELETE]]
2026-05-30T21:32:22.923+05:30 TRACE 28120 --- [http-nio-8081-exec-6] o.s.security.web.FilterChainProxy        : Invoking JwtAuthenticationFilter (6/12)
2026-05-30T21:32:22.925+05:30 TRACE 28120 --- [http-nio-8081-exec-6] o.s.security.web.FilterChainProxy        : Invoking RequestCacheAwareFilter (7/12)
2026-05-30T21:32:22.925+05:30 TRACE 28120 --- [http-nio-8081-exec-6] o.s.security.web.FilterChainProxy        : Invoking SecurityContextHolderAwareRequestFilter (8/12)
2026-05-30T21:32:22.926+05:30 TRACE 28120 --- [http-nio-8081-exec-6] o.s.security.web.FilterChainProxy        : Invoking AnonymousAuthenticationFilter (9/12)
2026-05-30T21:32:22.927+05:30 TRACE 28120 --- [http-nio-8081-exec-6] o.s.security.web.FilterChainProxy        : Invoking SessionManagementFilter (10/12)
2026-05-30T21:32:22.928+05:30 TRACE 28120 --- [http-nio-8081-exec-6] .s.s.w.c.SupplierDeferredSecurityContext : Created SecurityContextImpl [Null authentication]
2026-05-30T21:32:22.929+05:30 TRACE 28120 --- [http-nio-8081-exec-6] o.s.s.w.a.AnonymousAuthenticationFilter  : Set SecurityContextHolder to AnonymousAuthenticationToken [Principal=anonymousUser, Credentials=[PROTECTED], Authenticated=true, Details=WebAuthenticationDetails [RemoteIpAddress=0:0:0:0:0:0:0:1, SessionId=null], Granted Authorities=[ROLE_ANONYMOUS]]
2026-05-30T21:32:22.930+05:30 TRACE 28120 --- [http-nio-8081-exec-6] o.s.security.web.FilterChainProxy        : Invoking ExceptionTranslationFilter (11/12)
2026-05-30T21:32:22.930+05:30 TRACE 28120 --- [http-nio-8081-exec-6] o.s.security.web.FilterChainProxy        : Invoking AuthorizationFilter (12/12)
2026-05-30T21:32:22.931+05:30 TRACE 28120 --- [http-nio-8081-exec-6] estMatcherDelegatingAuthorizationManager : Authorizing POST /api/v1/auth/login
2026-05-30T21:32:22.932+05:30 TRACE 28120 --- [http-nio-8081-exec-6] estMatcherDelegatingAuthorizationManager : Checking authorization on POST /api/v1/auth/login using org.springframework.security.authorization.SingleResultAuthorizationManager@4a46932b
2026-05-30T21:32:22.933+05:30 DEBUG 28120 --- [http-nio-8081-exec-6] o.s.security.web.FilterChainProxy        : Secured POST /api/v1/auth/login
2026-05-30T21:32:22.935+05:30 TRACE 28120 --- [http-nio-8081-exec-6] o.s.web.servlet.DispatcherServlet        : POST "/api/v1/auth/login", parameters={}, headers={masked} in DispatcherServlet 'dispatcherServlet'
2026-05-30T21:32:22.938+05:30 DEBUG 28120 --- [http-nio-8081-exec-6] s.w.s.m.m.a.RequestMappingHandlerMapping : Mapped to com.aiops.auth_service.controller.AuthController#login(LoginRequest)
2026-05-30T21:32:22.953+05:30 DEBUG 28120 --- [http-nio-8081-exec-6] m.m.a.RequestResponseBodyMethodProcessor : Read "application/json;charset=UTF-8" to [com.aiops.auth_service.dto.LoginRequest@3cb1ca2a]
2026-05-30T21:32:23.426+05:30 DEBUG 28120 --- [http-nio-8081-exec-6] m.m.a.RequestResponseBodyMethodProcessor : Using 'application/json', given [*/*] and supported [application/json, application/*+json]
2026-05-30T21:32:23.427+05:30 DEBUG 28120 --- [http-nio-8081-exec-6] m.m.a.RequestResponseBodyMethodProcessor : Writing [com.aiops.auth_service.dto.AuthResponse@5580ee73]
2026-05-30T21:32:23.439+05:30 TRACE 28120 --- [http-nio-8081-exec-6] o.s.s.w.header.writers.HstsHeaderWriter  : Not injecting HSTS header since it did not match request to [Is Secure]
2026-05-30T21:32:23.443+05:30 TRACE 28120 --- [http-nio-8081-exec-6] o.s.web.servlet.DispatcherServlet        : No view rendering, null ModelAndView returned.
2026-05-30T21:32:23.444+05:30 DEBUG 28120 --- [http-nio-8081-exec-6] o.s.web.servlet.DispatcherServlet        : Completed 200 OK, headers={masked}
2026-05-30T21:32:33.470+05:30 TRACE 28120 --- [http-nio-8081-exec-4] o.s.security.web.FilterChainProxy        : Trying to match request against DefaultSecurityFilterChain defined as 'securityFilterChain' in [class path resource [com/aiops/auth_service/config/SecurityConfig.class]] matching [any request] and having filters [DisableEncodeUrl, WebAsyncManagerIntegration, SecurityContextHolder, HeaderWriter, Logout, JwtAuthentication, RequestCacheAware, SecurityContextHolderAwareRequest, AnonymousAuthentication, SessionManagement, ExceptionTranslation, Authorization] (1/1)
2026-05-30T21:32:33.471+05:30 DEBUG 28120 --- [http-nio-8081-exec-4] o.s.security.web.FilterChainProxy        : Securing GET /api/v1/auth/test
2026-05-30T21:32:33.472+05:30 TRACE 28120 --- [http-nio-8081-exec-4] o.s.security.web.FilterChainProxy        : Invoking DisableEncodeUrlFilter (1/12)
2026-05-30T21:32:33.473+05:30 TRACE 28120 --- [http-nio-8081-exec-4] o.s.security.web.FilterChainProxy        : Invoking WebAsyncManagerIntegrationFilter (2/12)
2026-05-30T21:32:33.473+05:30 TRACE 28120 --- [http-nio-8081-exec-4] o.s.security.web.FilterChainProxy        : Invoking SecurityContextHolderFilter (3/12)
2026-05-30T21:32:33.475+05:30 TRACE 28120 --- [http-nio-8081-exec-4] o.s.security.web.FilterChainProxy        : Invoking HeaderWriterFilter (4/12)
2026-05-30T21:32:33.475+05:30 TRACE 28120 --- [http-nio-8081-exec-4] o.s.security.web.FilterChainProxy        : Invoking LogoutFilter (5/12)
2026-05-30T21:32:33.476+05:30 TRACE 28120 --- [http-nio-8081-exec-4] o.s.s.w.a.logout.LogoutFilter            : Did not match request to Or [Ant [pattern='/logout', GET], Ant [pattern='/logout', POST], Ant [pattern='/logout', PUT], Ant [pattern='/logout', DELETE]]
2026-05-30T21:32:33.477+05:30 TRACE 28120 --- [http-nio-8081-exec-4] o.s.security.web.FilterChainProxy        : Invoking JwtAuthenticationFilter (6/12)
2026-05-30T21:32:33.478+05:30 TRACE 28120 --- [http-nio-8081-exec-4] o.s.security.web.FilterChainProxy        : Invoking RequestCacheAwareFilter (7/12)
2026-05-30T21:32:33.478+05:30 TRACE 28120 --- [http-nio-8081-exec-4] o.s.security.web.FilterChainProxy        : Invoking SecurityContextHolderAwareRequestFilter (8/12)
2026-05-30T21:32:33.479+05:30 TRACE 28120 --- [http-nio-8081-exec-4] o.s.security.web.FilterChainProxy        : Invoking AnonymousAuthenticationFilter (9/12)
2026-05-30T21:32:33.480+05:30 TRACE 28120 --- [http-nio-8081-exec-4] o.s.security.web.FilterChainProxy        : Invoking SessionManagementFilter (10/12)
2026-05-30T21:32:33.480+05:30 TRACE 28120 --- [http-nio-8081-exec-4] .s.s.w.c.SupplierDeferredSecurityContext : Created SecurityContextImpl [Null authentication]
2026-05-30T21:32:33.481+05:30 TRACE 28120 --- [http-nio-8081-exec-4] o.s.s.w.a.AnonymousAuthenticationFilter  : Set SecurityContextHolder to AnonymousAuthenticationToken [Principal=anonymousUser, Credentials=[PROTECTED], Authenticated=true, Details=WebAuthenticationDetails [RemoteIpAddress=0:0:0:0:0:0:0:1, SessionId=null], Granted Authorities=[ROLE_ANONYMOUS]]
2026-05-30T21:32:33.485+05:30 TRACE 28120 --- [http-nio-8081-exec-4] o.s.security.web.FilterChainProxy        : Invoking ExceptionTranslationFilter (11/12)
2026-05-30T21:32:33.486+05:30 TRACE 28120 --- [http-nio-8081-exec-4] o.s.security.web.FilterChainProxy        : Invoking AuthorizationFilter (12/12)
2026-05-30T21:32:33.487+05:30 TRACE 28120 --- [http-nio-8081-exec-4] estMatcherDelegatingAuthorizationManager : Authorizing GET /api/v1/auth/test
2026-05-30T21:32:33.487+05:30 TRACE 28120 --- [http-nio-8081-exec-4] estMatcherDelegatingAuthorizationManager : Checking authorization on GET /api/v1/auth/test using org.springframework.security.authorization.AuthenticatedAuthorizationManager@6c522d23
2026-05-30T21:32:33.490+05:30 TRACE 28120 --- [http-nio-8081-exec-4] o.s.s.w.a.ExceptionTranslationFilter     : Sending AnonymousAuthenticationToken [Principal=anonymousUser, Credentials=[PROTECTED], Authenticated=true, Details=WebAuthenticationDetails [RemoteIpAddress=0:0:0:0:0:0:0:1, SessionId=null], Granted Authorities=[ROLE_ANONYMOUS]] to authentication entry point since access is denied

org.springframework.security.authorization.AuthorizationDeniedException: Access Denied
	at org.springframework.security.web.access.intercept.AuthorizationFilter.doFilter(AuthorizationFilter.java:99) ~[spring-security-web-6.5.1.jar:6.5.1]
	at org.springframework.security.web.FilterChainProxy$VirtualFilterChain.doFilter(FilterChainProxy.java:374) ~[spring-security-web-6.5.1.jar:6.5.1]
	at org.springframework.security.web.access.ExceptionTranslationFilter.doFilter(ExceptionTranslationFilter.java:125) ~[spring-security-web-6.5.1.jar:6.5.1]
	at org.springframework.security.web.access.ExceptionTranslationFilter.doFilter(ExceptionTranslationFilter.java:119) ~[spring-security-web-6.5.1.jar:6.5.1]
	at org.springframework.security.web.FilterChainProxy$VirtualFilterChain.doFilter(FilterChainProxy.java:374) ~[spring-security-web-6.5.1.jar:6.5.1]
	at org.springframework.security.web.session.SessionManagementFilter.doFilter(SessionManagementFilter.java:131) ~[spring-security-web-6.5.1.jar:6.5.1]
	at org.springframework.security.web.session.SessionManagementFilter.doFilter(SessionManagementFilter.java:85) ~[spring-security-web-6.5.1.jar:6.5.1]
	at org.springframework.security.web.FilterChainProxy$VirtualFilterChain.doFilter(FilterChainProxy.java:374) ~[spring-security-web-6.5.1.jar:6.5.1]
	at org.springframework.security.web.authentication.AnonymousAuthenticationFilter.doFilter(AnonymousAuthenticationFilter.java:100) ~[spring-security-web-6.5.1.jar:6.5.1]
	at org.springframework.security.web.FilterChainProxy$VirtualFilterChain.doFilter(FilterChainProxy.java:374) ~[spring-security-web-6.5.1.jar:6.5.1]
	at org.springframework.security.web.servletapi.SecurityContextHolderAwareRequestFilter.doFilter(SecurityContextHolderAwareRequestFilter.java:179) ~[spring-security-web-6.5.1.jar:6.5.1]
	at org.springframework.security.web.FilterChainProxy$VirtualFilterChain.doFilter(FilterChainProxy.java:374) ~[spring-security-web-6.5.1.jar:6.5.1]
	at org.springframework.security.web.savedrequest.RequestCacheAwareFilter.doFilter(RequestCacheAwareFilter.java:63) ~[spring-security-web-6.5.1.jar:6.5.1]
	at org.springframework.security.web.FilterChainProxy$VirtualFilterChain.doFilter(FilterChainProxy.java:374) ~[spring-security-web-6.5.1.jar:6.5.1]
	at com.aiops.auth_service.filter.JwtAuthenticationFilter.doFilterInternal(JwtAuthenticationFilter.java:33) ~[classes/:na]
	at org.springframework.web.filter.OncePerRequestFilter.doFilter(OncePerRequestFilter.java:116) ~[spring-web-6.2.8.jar:6.2.8]
	at org.springframework.security.web.FilterChainProxy$VirtualFilterChain.doFilter(FilterChainProxy.java:374) ~[spring-security-web-6.5.1.jar:6.5.1]
	at org.springframework.security.web.authentication.logout.LogoutFilter.doFilter(LogoutFilter.java:107) ~[spring-security-web-6.5.1.jar:6.5.1]
	at org.springframework.security.web.authentication.logout.LogoutFilter.doFilter(LogoutFilter.java:93) ~[spring-security-web-6.5.1.jar:6.5.1]
	at org.springframework.security.web.FilterChainProxy$VirtualFilterChain.doFilter(FilterChainProxy.java:374) ~[spring-security-web-6.5.1.jar:6.5.1]
	at org.springframework.security.web.header.HeaderWriterFilter.doHeadersAfter(HeaderWriterFilter.java:90) ~[spring-security-web-6.5.1.jar:6.5.1]
	at org.springframework.security.web.header.HeaderWriterFilter.doFilterInternal(HeaderWriterFilter.java:75) ~[spring-security-web-6.5.1.jar:6.5.1]
	at org.springframework.web.filter.OncePerRequestFilter.doFilter(OncePerRequestFilter.java:116) ~[spring-web-6.2.8.jar:6.2.8]
	at org.springframework.security.web.FilterChainProxy$VirtualFilterChain.doFilter(FilterChainProxy.java:374) ~[spring-security-web-6.5.1.jar:6.5.1]
	at org.springframework.security.web.context.SecurityContextHolderFilter.doFilter(SecurityContextHolderFilter.java:82) ~[spring-security-web-6.5.1.jar:6.5.1]
	at org.springframework.security.web.context.SecurityContextHolderFilter.doFilter(SecurityContextHolderFilter.java:69) ~[spring-security-web-6.5.1.jar:6.5.1]
	at org.springframework.security.web.FilterChainProxy$VirtualFilterChain.doFilter(FilterChainProxy.java:374) ~[spring-security-web-6.5.1.jar:6.5.1]
	at org.springframework.security.web.context.request.async.WebAsyncManagerIntegrationFilter.doFilterInternal(WebAsyncManagerIntegrationFilter.java:62) ~[spring-security-web-6.5.1.jar:6.5.1]
	at org.springframework.web.filter.OncePerRequestFilter.doFilter(OncePerRequestFilter.java:116) ~[spring-web-6.2.8.jar:6.2.8]
	at org.springframework.security.web.FilterChainProxy$VirtualFilterChain.doFilter(FilterChainProxy.java:374) ~[spring-security-web-6.5.1.jar:6.5.1]
	at org.springframework.security.web.session.DisableEncodeUrlFilter.doFilterInternal(DisableEncodeUrlFilter.java:42) ~[spring-security-web-6.5.1.jar:6.5.1]
	at org.springframework.web.filter.OncePerRequestFilter.doFilter(OncePerRequestFilter.java:116) ~[spring-web-6.2.8.jar:6.2.8]
	at org.springframework.security.web.FilterChainProxy$VirtualFilterChain.doFilter(FilterChainProxy.java:374) ~[spring-security-web-6.5.1.jar:6.5.1]
	at org.springframework.security.web.FilterChainProxy.doFilterInternal(FilterChainProxy.java:233) ~[spring-security-web-6.5.1.jar:6.5.1]
	at org.springframework.security.web.FilterChainProxy.doFilter(FilterChainProxy.java:191) ~[spring-security-web-6.5.1.jar:6.5.1]
	at org.springframework.web.filter.CompositeFilter$VirtualFilterChain.doFilter(CompositeFilter.java:113) ~[spring-web-6.2.8.jar:6.2.8]
	at org.springframework.web.filter.ServletRequestPathFilter.doFilter(ServletRequestPathFilter.java:52) ~[spring-web-6.2.8.jar:6.2.8]
	at org.springframework.web.filter.CompositeFilter$VirtualFilterChain.doFilter(CompositeFilter.java:113) ~[spring-web-6.2.8.jar:6.2.8]
	at org.springframework.web.filter.CompositeFilter.doFilter(CompositeFilter.java:74) ~[spring-web-6.2.8.jar:6.2.8]
	at org.springframework.security.config.annotation.web.configuration.WebSecurityConfiguration$CompositeFilterChainProxy.doFilter(WebSecurityConfiguration.java:319) ~[spring-security-config-6.5.1.jar:6.5.1]
	at org.springframework.web.filter.CompositeFilter$VirtualFilterChain.doFilter(CompositeFilter.java:113) ~[spring-web-6.2.8.jar:6.2.8]
	at org.springframework.web.servlet.handler.HandlerMappingIntrospector.lambda$createCacheFilter$4(HandlerMappingIntrospector.java:267) ~[spring-webmvc-6.2.8.jar:6.2.8]
	at org.springframework.web.filter.CompositeFilter$VirtualFilterChain.doFilter(CompositeFilter.java:113) ~[spring-web-6.2.8.jar:6.2.8]
	at org.springframework.web.filter.CompositeFilter.doFilter(CompositeFilter.java:74) ~[spring-web-6.2.8.jar:6.2.8]
	at org.springframework.security.config.annotation.web.configuration.WebMvcSecurityConfiguration$CompositeFilterChainProxy.doFilter(WebMvcSecurityConfiguration.java:240) ~[spring-security-config-6.5.1.jar:6.5.1]
	at org.springframework.web.filter.DelegatingFilterProxy.invokeDelegate(DelegatingFilterProxy.java:362) ~[spring-web-6.2.8.jar:6.2.8]
	at org.springframework.web.filter.DelegatingFilterProxy.doFilter(DelegatingFilterProxy.java:278) ~[spring-web-6.2.8.jar:6.2.8]
	at org.apache.catalina.core.ApplicationFilterChain.internalDoFilter(ApplicationFilterChain.java:164) ~[tomcat-embed-core-10.1.42.jar:10.1.42]
	at org.apache.catalina.core.ApplicationFilterChain.doFilter(ApplicationFilterChain.java:140) ~[tomcat-embed-core-10.1.42.jar:10.1.42]
	at org.springframework.web.filter.RequestContextFilter.doFilterInternal(RequestContextFilter.java:100) ~[spring-web-6.2.8.jar:6.2.8]
	at org.springframework.web.filter.OncePerRequestFilter.doFilter(OncePerRequestFilter.java:116) ~[spring-web-6.2.8.jar:6.2.8]
	at org.apache.catalina.core.ApplicationFilterChain.internalDoFilter(ApplicationFilterChain.java:164) ~[tomcat-embed-core-10.1.42.jar:10.1.42]
	at org.apache.catalina.core.ApplicationFilterChain.doFilter(ApplicationFilterChain.java:140) ~[tomcat-embed-core-10.1.42.jar:10.1.42]
	at org.springframework.web.filter.FormContentFilter.doFilterInternal(FormContentFilter.java:93) ~[spring-web-6.2.8.jar:6.2.8]
	at org.springframework.web.filter.OncePerRequestFilter.doFilter(OncePerRequestFilter.java:116) ~[spring-web-6.2.8.jar:6.2.8]
	at org.apache.catalina.core.ApplicationFilterChain.internalDoFilter(ApplicationFilterChain.java:164) ~[tomcat-embed-core-10.1.42.jar:10.1.42]
	at org.apache.catalina.core.ApplicationFilterChain.doFilter(ApplicationFilterChain.java:140) ~[tomcat-embed-core-10.1.42.jar:10.1.42]
	at org.springframework.web.filter.CharacterEncodingFilter.doFilterInternal(CharacterEncodingFilter.java:201) ~[spring-web-6.2.8.jar:6.2.8]
	at org.springframework.web.filter.OncePerRequestFilter.doFilter(OncePerRequestFilter.java:116) ~[spring-web-6.2.8.jar:6.2.8]
	at org.apache.catalina.core.ApplicationFilterChain.internalDoFilter(ApplicationFilterChain.java:164) ~[tomcat-embed-core-10.1.42.jar:10.1.42]
	at org.apache.catalina.core.ApplicationFilterChain.doFilter(ApplicationFilterChain.java:140) ~[tomcat-embed-core-10.1.42.jar:10.1.42]
	at org.apache.catalina.core.StandardWrapperValve.invoke(StandardWrapperValve.java:167) ~[tomcat-embed-core-10.1.42.jar:10.1.42]
	at org.apache.catalina.core.StandardContextValve.invoke(StandardContextValve.java:90) ~[tomcat-embed-core-10.1.42.jar:10.1.42]
	at org.apache.catalina.authenticator.AuthenticatorBase.invoke(AuthenticatorBase.java:483) ~[tomcat-embed-core-10.1.42.jar:10.1.42]
	at org.apache.catalina.core.StandardHostValve.invoke(StandardHostValve.java:116) ~[tomcat-embed-core-10.1.42.jar:10.1.42]
	at org.apache.catalina.valves.ErrorReportValve.invoke(ErrorReportValve.java:93) ~[tomcat-embed-core-10.1.42.jar:10.1.42]
	at org.apache.catalina.core.StandardEngineValve.invoke(StandardEngineValve.java:74) ~[tomcat-embed-core-10.1.42.jar:10.1.42]
	at org.apache.catalina.connector.CoyoteAdapter.service(CoyoteAdapter.java:344) ~[tomcat-embed-core-10.1.42.jar:10.1.42]
	at org.apache.coyote.http11.Http11Processor.service(Http11Processor.java:398) ~[tomcat-embed-core-10.1.42.jar:10.1.42]
	at org.apache.coyote.AbstractProcessorLight.process(AbstractProcessorLight.java:63) ~[tomcat-embed-core-10.1.42.jar:10.1.42]
	at org.apache.coyote.AbstractProtocol$ConnectionHandler.process(AbstractProtocol.java:903) ~[tomcat-embed-core-10.1.42.jar:10.1.42]
	at org.apache.tomcat.util.net.NioEndpoint$SocketProcessor.doRun(NioEndpoint.java:1769) ~[tomcat-embed-core-10.1.42.jar:10.1.42]
	at org.apache.tomcat.util.net.SocketProcessorBase.run(SocketProcessorBase.java:52) ~[tomcat-embed-core-10.1.42.jar:10.1.42]
	at org.apache.tomcat.util.threads.ThreadPoolExecutor.runWorker(ThreadPoolExecutor.java:1189) ~[tomcat-embed-core-10.1.42.jar:10.1.42]
	at org.apache.tomcat.util.threads.ThreadPoolExecutor$Worker.run(ThreadPoolExecutor.java:658) ~[tomcat-embed-core-10.1.42.jar:10.1.42]
	at org.apache.tomcat.util.threads.TaskThread$WrappingRunnable.run(TaskThread.java:63) ~[tomcat-embed-core-10.1.42.jar:10.1.42]
	at java.base/java.lang.Thread.run(Thread.java:1570) ~[na:na]

2026-05-30T21:32:33.507+05:30 DEBUG 28120 --- [http-nio-8081-exec-4] o.s.s.w.a.Http403ForbiddenEntryPoint     : Pre-authenticated entry point called. Rejecting access
2026-05-30T21:32:33.509+05:30 TRACE 28120 --- [http-nio-8081-exec-4] o.s.s.w.header.writers.HstsHeaderWriter  : Not injecting HSTS header since it did not match request to [Is Secure]
2026-05-30T21:32:33.530+05:30 TRACE 28120 --- [http-nio-8081-exec-4] o.s.security.web.FilterChainProxy        : Trying to match request against DefaultSecurityFilterChain defined as 'securityFilterChain' in [class path resource [com/aiops/auth_service/config/SecurityConfig.class]] matching [any request] and having filters [DisableEncodeUrl, WebAsyncManagerIntegration, SecurityContextHolder, HeaderWriter, Logout, JwtAuthentication, RequestCacheAware, SecurityContextHolderAwareRequest, AnonymousAuthentication, SessionManagement, ExceptionTranslation, Authorization] (1/1)
2026-05-30T21:32:33.535+05:30 DEBUG 28120 --- [http-nio-8081-exec-4] o.s.security.web.FilterChainProxy        : Securing GET /error
2026-05-30T21:32:33.537+05:30 TRACE 28120 --- [http-nio-8081-exec-4] o.s.security.web.FilterChainProxy        : Invoking DisableEncodeUrlFilter (1/12)
2026-05-30T21:32:33.538+05:30 TRACE 28120 --- [http-nio-8081-exec-4] o.s.security.web.FilterChainProxy        : Invoking WebAsyncManagerIntegrationFilter (2/12)
2026-05-30T21:32:33.538+05:30 TRACE 28120 --- [http-nio-8081-exec-4] o.s.security.web.FilterChainProxy        : Invoking SecurityContextHolderFilter (3/12)
2026-05-30T21:32:33.539+05:30 TRACE 28120 --- [http-nio-8081-exec-4] o.s.security.web.FilterChainProxy        : Invoking HeaderWriterFilter (4/12)
2026-05-30T21:32:33.539+05:30 TRACE 28120 --- [http-nio-8081-exec-4] o.s.security.web.FilterChainProxy        : Invoking LogoutFilter (5/12)
2026-05-30T21:32:33.540+05:30 TRACE 28120 --- [http-nio-8081-exec-4] o.s.s.w.a.logout.LogoutFilter            : Did not match request to Or [Ant [pattern='/logout', GET], Ant [pattern='/logout', POST], Ant [pattern='/logout', PUT], Ant [pattern='/logout', DELETE]]
2026-05-30T21:32:33.541+05:30 TRACE 28120 --- [http-nio-8081-exec-4] o.s.security.web.FilterChainProxy        : Invoking JwtAuthenticationFilter (6/12)
2026-05-30T21:32:33.541+05:30 TRACE 28120 --- [http-nio-8081-exec-4] o.s.security.web.FilterChainProxy        : Invoking RequestCacheAwareFilter (7/12)
2026-05-30T21:32:33.543+05:30 TRACE 28120 --- [http-nio-8081-exec-4] o.s.security.web.FilterChainProxy        : Invoking SecurityContextHolderAwareRequestFilter (8/12)
2026-05-30T21:32:33.544+05:30 TRACE 28120 --- [http-nio-8081-exec-4] o.s.security.web.FilterChainProxy        : Invoking AnonymousAuthenticationFilter (9/12)
2026-05-30T21:32:33.545+05:30 TRACE 28120 --- [http-nio-8081-exec-4] o.s.security.web.FilterChainProxy        : Invoking SessionManagementFilter (10/12)
2026-05-30T21:32:33.546+05:30 TRACE 28120 --- [http-nio-8081-exec-4] o.s.security.web.FilterChainProxy        : Invoking ExceptionTranslationFilter (11/12)
2026-05-30T21:32:33.551+05:30 TRACE 28120 --- [http-nio-8081-exec-4] o.s.security.web.FilterChainProxy        : Invoking AuthorizationFilter (12/12)
2026-05-30T21:32:33.553+05:30 TRACE 28120 --- [http-nio-8081-exec-4] estMatcherDelegatingAuthorizationManager : Authorizing GET /error
2026-05-30T21:32:33.554+05:30 TRACE 28120 --- [http-nio-8081-exec-4] estMatcherDelegatingAuthorizationManager : Checking authorization on GET /error using org.springframework.security.authorization.AuthenticatedAuthorizationManager@6c522d23
2026-05-30T21:32:33.555+05:30 TRACE 28120 --- [http-nio-8081-exec-4] .s.s.w.c.SupplierDeferredSecurityContext : Created SecurityContextImpl [Null authentication]
2026-05-30T21:32:33.556+05:30 TRACE 28120 --- [http-nio-8081-exec-4] o.s.s.w.a.AnonymousAuthenticationFilter  : Set SecurityContextHolder to AnonymousAuthenticationToken [Principal=anonymousUser, Credentials=[PROTECTED], Authenticated=true, Details=WebAuthenticationDetails [RemoteIpAddress=0:0:0:0:0:0:0:1, SessionId=null], Granted Authorities=[ROLE_ANONYMOUS]]
2026-05-30T21:32:33.558+05:30 TRACE 28120 --- [http-nio-8081-exec-4] o.s.s.w.a.ExceptionTranslationFilter     : Sending AnonymousAuthenticationToken [Principal=anonymousUser, Credentials=[PROTECTED], Authenticated=true, Details=WebAuthenticationDetails [RemoteIpAddress=0:0:0:0:0:0:0:1, SessionId=null], Granted Authorities=[ROLE_ANONYMOUS]] to authentication entry point since access is denied

org.springframework.security.authorization.AuthorizationDeniedException: Access Denied
	at org.springframework.security.web.access.intercept.AuthorizationFilter.doFilter(AuthorizationFilter.java:99) ~[spring-security-web-6.5.1.jar:6.5.1]
	at org.springframework.security.web.FilterChainProxy$VirtualFilterChain.doFilter(FilterChainProxy.java:374) ~[spring-security-web-6.5.1.jar:6.5.1]
	at org.springframework.security.web.access.ExceptionTranslationFilter.doFilter(ExceptionTranslationFilter.java:125) ~[spring-security-web-6.5.1.jar:6.5.1]
	at org.springframework.security.web.access.ExceptionTranslationFilter.doFilter(ExceptionTranslationFilter.java:119) ~[spring-security-web-6.5.1.jar:6.5.1]
	at org.springframework.security.web.FilterChainProxy$VirtualFilterChain.doFilter(FilterChainProxy.java:374) ~[spring-security-web-6.5.1.jar:6.5.1]
	at org.springframework.security.web.session.SessionManagementFilter.doFilter(SessionManagementFilter.java:91) ~[spring-security-web-6.5.1.jar:6.5.1]
	at org.springframework.security.web.session.SessionManagementFilter.doFilter(SessionManagementFilter.java:85) ~[spring-security-web-6.5.1.jar:6.5.1]
	at org.springframework.security.web.FilterChainProxy$VirtualFilterChain.doFilter(FilterChainProxy.java:374) ~[spring-security-web-6.5.1.jar:6.5.1]
	at org.springframework.security.web.authentication.AnonymousAuthenticationFilter.doFilter(AnonymousAuthenticationFilter.java:100) ~[spring-security-web-6.5.1.jar:6.5.1]
	at org.springframework.security.web.FilterChainProxy$VirtualFilterChain.doFilter(FilterChainProxy.java:374) ~[spring-security-web-6.5.1.jar:6.5.1]
	at org.springframework.security.web.servletapi.SecurityContextHolderAwareRequestFilter.doFilter(SecurityContextHolderAwareRequestFilter.java:179) ~[spring-security-web-6.5.1.jar:6.5.1]
	at org.springframework.security.web.FilterChainProxy$VirtualFilterChain.doFilter(FilterChainProxy.java:374) ~[spring-security-web-6.5.1.jar:6.5.1]
	at org.springframework.security.web.savedrequest.RequestCacheAwareFilter.doFilter(RequestCacheAwareFilter.java:63) ~[spring-security-web-6.5.1.jar:6.5.1]
	at org.springframework.security.web.FilterChainProxy$VirtualFilterChain.doFilter(FilterChainProxy.java:374) ~[spring-security-web-6.5.1.jar:6.5.1]
	at org.springframework.web.filter.OncePerRequestFilter.doFilter(OncePerRequestFilter.java:101) ~[spring-web-6.2.8.jar:6.2.8]
	at org.springframework.security.web.FilterChainProxy$VirtualFilterChain.doFilter(FilterChainProxy.java:374) ~[spring-security-web-6.5.1.jar:6.5.1]
	at org.springframework.security.web.authentication.logout.LogoutFilter.doFilter(LogoutFilter.java:107) ~[spring-security-web-6.5.1.jar:6.5.1]
	at org.springframework.security.web.authentication.logout.LogoutFilter.doFilter(LogoutFilter.java:93) ~[spring-security-web-6.5.1.jar:6.5.1]
	at org.springframework.security.web.FilterChainProxy$VirtualFilterChain.doFilter(FilterChainProxy.java:374) ~[spring-security-web-6.5.1.jar:6.5.1]
	at org.springframework.web.filter.OncePerRequestFilter.doFilter(OncePerRequestFilter.java:101) ~[spring-web-6.2.8.jar:6.2.8]
	at org.springframework.security.web.FilterChainProxy$VirtualFilterChain.doFilter(FilterChainProxy.java:374) ~[spring-security-web-6.5.1.jar:6.5.1]
	at org.springframework.security.web.context.SecurityContextHolderFilter.doFilter(SecurityContextHolderFilter.java:82) ~[spring-security-web-6.5.1.jar:6.5.1]
	at org.springframework.security.web.context.SecurityContextHolderFilter.doFilter(SecurityContextHolderFilter.java:69) ~[spring-security-web-6.5.1.jar:6.5.1]
	at org.springframework.security.web.FilterChainProxy$VirtualFilterChain.doFilter(FilterChainProxy.java:374) ~[spring-security-web-6.5.1.jar:6.5.1]
	at org.springframework.web.filter.OncePerRequestFilter.doFilter(OncePerRequestFilter.java:101) ~[spring-web-6.2.8.jar:6.2.8]
	at org.springframework.security.web.FilterChainProxy$VirtualFilterChain.doFilter(FilterChainProxy.java:374) ~[spring-security-web-6.5.1.jar:6.5.1]
	at org.springframework.web.filter.OncePerRequestFilter.doFilter(OncePerRequestFilter.java:101) ~[spring-web-6.2.8.jar:6.2.8]
	at org.springframework.security.web.FilterChainProxy$VirtualFilterChain.doFilter(FilterChainProxy.java:374) ~[spring-security-web-6.5.1.jar:6.5.1]
	at org.springframework.security.web.FilterChainProxy.doFilterInternal(FilterChainProxy.java:233) ~[spring-security-web-6.5.1.jar:6.5.1]
	at org.springframework.security.web.FilterChainProxy.doFilter(FilterChainProxy.java:191) ~[spring-security-web-6.5.1.jar:6.5.1]
	at org.springframework.web.filter.CompositeFilter$VirtualFilterChain.doFilter(CompositeFilter.java:113) ~[spring-web-6.2.8.jar:6.2.8]
	at org.springframework.web.filter.ServletRequestPathFilter.doFilter(ServletRequestPathFilter.java:52) ~[spring-web-6.2.8.jar:6.2.8]
	at org.springframework.web.filter.CompositeFilter$VirtualFilterChain.doFilter(CompositeFilter.java:113) ~[spring-web-6.2.8.jar:6.2.8]
	at org.springframework.web.filter.CompositeFilter.doFilter(CompositeFilter.java:74) ~[spring-web-6.2.8.jar:6.2.8]
	at org.springframework.security.config.annotation.web.configuration.WebSecurityConfiguration$CompositeFilterChainProxy.doFilter(WebSecurityConfiguration.java:319) ~[spring-security-config-6.5.1.jar:6.5.1]
	at org.springframework.web.filter.CompositeFilter$VirtualFilterChain.doFilter(CompositeFilter.java:113) ~[spring-web-6.2.8.jar:6.2.8]
	at org.springframework.web.servlet.handler.HandlerMappingIntrospector.lambda$createCacheFilter$4(HandlerMappingIntrospector.java:267) ~[spring-webmvc-6.2.8.jar:6.2.8]
	at org.springframework.web.filter.CompositeFilter$VirtualFilterChain.doFilter(CompositeFilter.java:113) ~[spring-web-6.2.8.jar:6.2.8]
	at org.springframework.web.filter.CompositeFilter.doFilter(CompositeFilter.java:74) ~[spring-web-6.2.8.jar:6.2.8]
	at org.springframework.security.config.annotation.web.configuration.WebMvcSecurityConfiguration$CompositeFilterChainProxy.doFilter(WebMvcSecurityConfiguration.java:240) ~[spring-security-config-6.5.1.jar:6.5.1]
	at org.springframework.web.filter.DelegatingFilterProxy.invokeDelegate(DelegatingFilterProxy.java:362) ~[spring-web-6.2.8.jar:6.2.8]
	at org.springframework.web.filter.DelegatingFilterProxy.doFilter(DelegatingFilterProxy.java:278) ~[spring-web-6.2.8.jar:6.2.8]
	at org.apache.catalina.core.ApplicationFilterChain.internalDoFilter(ApplicationFilterChain.java:164) ~[tomcat-embed-core-10.1.42.jar:10.1.42]
	at org.apache.catalina.core.ApplicationFilterChain.doFilter(ApplicationFilterChain.java:140) ~[tomcat-embed-core-10.1.42.jar:10.1.42]
	at org.springframework.web.filter.RequestContextFilter.doFilterInternal(RequestContextFilter.java:100) ~[spring-web-6.2.8.jar:6.2.8]
	at org.springframework.web.filter.OncePerRequestFilter.doFilter(OncePerRequestFilter.java:116) ~[spring-web-6.2.8.jar:6.2.8]
	at org.apache.catalina.core.ApplicationFilterChain.internalDoFilter(ApplicationFilterChain.java:164) ~[tomcat-embed-core-10.1.42.jar:10.1.42]
	at org.apache.catalina.core.ApplicationFilterChain.doFilter(ApplicationFilterChain.java:140) ~[tomcat-embed-core-10.1.42.jar:10.1.42]
	at org.springframework.web.filter.OncePerRequestFilter.doFilter(OncePerRequestFilter.java:101) ~[spring-web-6.2.8.jar:6.2.8]
	at org.apache.catalina.core.ApplicationFilterChain.internalDoFilter(ApplicationFilterChain.java:164) ~[tomcat-embed-core-10.1.42.jar:10.1.42]
	at org.apache.catalina.core.ApplicationFilterChain.doFilter(ApplicationFilterChain.java:140) ~[tomcat-embed-core-10.1.42.jar:10.1.42]
	at org.springframework.web.filter.OncePerRequestFilter.doFilter(OncePerRequestFilter.java:101) ~[spring-web-6.2.8.jar:6.2.8]
	at org.apache.catalina.core.ApplicationFilterChain.internalDoFilter(ApplicationFilterChain.java:164) ~[tomcat-embed-core-10.1.42.jar:10.1.42]
	at org.apache.catalina.core.ApplicationFilterChain.doFilter(ApplicationFilterChain.java:140) ~[tomcat-embed-core-10.1.42.jar:10.1.42]
	at org.apache.catalina.core.ApplicationDispatcher.invoke(ApplicationDispatcher.java:612) ~[tomcat-embed-core-10.1.42.jar:10.1.42]
	at org.apache.catalina.core.ApplicationDispatcher.processRequest(ApplicationDispatcher.java:396) ~[tomcat-embed-core-10.1.42.jar:10.1.42]
	at org.apache.catalina.core.ApplicationDispatcher.doForward(ApplicationDispatcher.java:323) ~[tomcat-embed-core-10.1.42.jar:10.1.42]
	at org.apache.catalina.core.ApplicationDispatcher.forward(ApplicationDispatcher.java:268) ~[tomcat-embed-core-10.1.42.jar:10.1.42]
	at org.apache.catalina.core.StandardHostValve.custom(StandardHostValve.java:377) ~[tomcat-embed-core-10.1.42.jar:10.1.42]
	at org.apache.catalina.core.StandardHostValve.status(StandardHostValve.java:209) ~[tomcat-embed-core-10.1.42.jar:10.1.42]
	at org.apache.catalina.core.StandardHostValve.invoke(StandardHostValve.java:152) ~[tomcat-embed-core-10.1.42.jar:10.1.42]
	at org.apache.catalina.valves.ErrorReportValve.invoke(ErrorReportValve.java:93) ~[tomcat-embed-core-10.1.42.jar:10.1.42]
	at org.apache.catalina.core.StandardEngineValve.invoke(StandardEngineValve.java:74) ~[tomcat-embed-core-10.1.42.jar:10.1.42]
	at org.apache.catalina.connector.CoyoteAdapter.service(CoyoteAdapter.java:344) ~[tomcat-embed-core-10.1.42.jar:10.1.42]
	at org.apache.coyote.http11.Http11Processor.service(Http11Processor.java:398) ~[tomcat-embed-core-10.1.42.jar:10.1.42]
	at org.apache.coyote.AbstractProcessorLight.process(AbstractProcessorLight.java:63) ~[tomcat-embed-core-10.1.42.jar:10.1.42]
	at org.apache.coyote.AbstractProtocol$ConnectionHandler.process(AbstractProtocol.java:903) ~[tomcat-embed-core-10.1.42.jar:10.1.42]
	at org.apache.tomcat.util.net.NioEndpoint$SocketProcessor.doRun(NioEndpoint.java:1769) ~[tomcat-embed-core-10.1.42.jar:10.1.42]
	at org.apache.tomcat.util.net.SocketProcessorBase.run(SocketProcessorBase.java:52) ~[tomcat-embed-core-10.1.42.jar:10.1.42]
	at org.apache.tomcat.util.threads.ThreadPoolExecutor.runWorker(ThreadPoolExecutor.java:1189) ~[tomcat-embed-core-10.1.42.jar:10.1.42]
	at org.apache.tomcat.util.threads.ThreadPoolExecutor$Worker.run(ThreadPoolExecutor.java:658) ~[tomcat-embed-core-10.1.42.jar:10.1.42]
	at org.apache.tomcat.util.threads.TaskThread$WrappingRunnable.run(TaskThread.java:63) ~[tomcat-embed-core-10.1.42.jar:10.1.42]
	at java.base/java.lang.Thread.run(Thread.java:1570) ~[na:na]

2026-05-30T21:32:33.563+05:30 DEBUG 28120 --- [http-nio-8081-exec-4] o.s.s.w.a.Http403ForbiddenEntryPoint     : Pre-authenticated entry point called. Rejecting access
2026-05-30T21:33:04.797+05:30 TRACE 28120 --- [http-nio-8081-exec-5] o.s.security.web.FilterChainProxy        : Trying to match request against DefaultSecurityFilterChain defined as 'securityFilterChain' in [class path resource [com/aiops/auth_service/config/SecurityConfig.class]] matching [any request] and having filters [DisableEncodeUrl, WebAsyncManagerIntegration, SecurityContextHolder, HeaderWriter, Logout, JwtAuthentication, RequestCacheAware, SecurityContextHolderAwareRequest, AnonymousAuthentication, SessionManagement, ExceptionTranslation, Authorization] (1/1)
2026-05-30T21:33:04.798+05:30 DEBUG 28120 --- [http-nio-8081-exec-5] o.s.security.web.FilterChainProxy        : Securing GET /api/v1/auth/test
2026-05-30T21:33:04.800+05:30 TRACE 28120 --- [http-nio-8081-exec-5] o.s.security.web.FilterChainProxy        : Invoking DisableEncodeUrlFilter (1/12)
2026-05-30T21:33:04.800+05:30 TRACE 28120 --- [http-nio-8081-exec-5] o.s.security.web.FilterChainProxy        : Invoking WebAsyncManagerIntegrationFilter (2/12)
2026-05-30T21:33:04.801+05:30 TRACE 28120 --- [http-nio-8081-exec-5] o.s.security.web.FilterChainProxy        : Invoking SecurityContextHolderFilter (3/12)
2026-05-30T21:33:04.802+05:30 TRACE 28120 --- [http-nio-8081-exec-5] o.s.security.web.FilterChainProxy        : Invoking HeaderWriterFilter (4/12)
2026-05-30T21:33:04.802+05:30 TRACE 28120 --- [http-nio-8081-exec-5] o.s.security.web.FilterChainProxy        : Invoking LogoutFilter (5/12)
2026-05-30T21:33:04.803+05:30 TRACE 28120 --- [http-nio-8081-exec-5] o.s.s.w.a.logout.LogoutFilter            : Did not match request to Or [Ant [pattern='/logout', GET], Ant [pattern='/logout', POST], Ant [pattern='/logout', PUT], Ant [pattern='/logout', DELETE]]
2026-05-30T21:33:04.803+05:30 TRACE 28120 --- [http-nio-8081-exec-5] o.s.security.web.FilterChainProxy        : Invoking JwtAuthenticationFilter (6/12)
2026-05-30T21:33:04.892+05:30 TRACE 28120 --- [http-nio-8081-exec-5] .s.s.w.c.SupplierDeferredSecurityContext : Created SecurityContextImpl [Null authentication]
2026-05-30T21:33:04.893+05:30 TRACE 28120 --- [http-nio-8081-exec-5] o.s.security.web.FilterChainProxy        : Invoking RequestCacheAwareFilter (7/12)
2026-05-30T21:33:04.893+05:30 TRACE 28120 --- [http-nio-8081-exec-5] o.s.security.web.FilterChainProxy        : Invoking SecurityContextHolderAwareRequestFilter (8/12)
2026-05-30T21:33:04.894+05:30 TRACE 28120 --- [http-nio-8081-exec-5] o.s.security.web.FilterChainProxy        : Invoking AnonymousAuthenticationFilter (9/12)
2026-05-30T21:33:04.895+05:30 TRACE 28120 --- [http-nio-8081-exec-5] o.s.security.web.FilterChainProxy        : Invoking SessionManagementFilter (10/12)
2026-05-30T21:33:04.896+05:30 TRACE 28120 --- [http-nio-8081-exec-5] o.s.s.w.a.AnonymousAuthenticationFilter  : Did not set SecurityContextHolder since already authenticated UsernamePasswordAuthenticationToken [Principal=test@example.com, Credentials=[PROTECTED], Authenticated=true, Details=null, Granted Authorities=[]]
2026-05-30T21:33:04.897+05:30 TRACE 28120 --- [http-nio-8081-exec-5] s.CompositeSessionAuthenticationStrategy : Preparing session with ChangeSessionIdAuthenticationStrategy (1/1)
2026-05-30T21:33:04.897+05:30 TRACE 28120 --- [http-nio-8081-exec-5] o.s.security.web.FilterChainProxy        : Invoking ExceptionTranslationFilter (11/12)
2026-05-30T21:33:04.898+05:30 TRACE 28120 --- [http-nio-8081-exec-5] o.s.security.web.FilterChainProxy        : Invoking AuthorizationFilter (12/12)
2026-05-30T21:33:04.899+05:30 TRACE 28120 --- [http-nio-8081-exec-5] estMatcherDelegatingAuthorizationManager : Authorizing GET /api/v1/auth/test
2026-05-30T21:33:04.900+05:30 TRACE 28120 --- [http-nio-8081-exec-5] estMatcherDelegatingAuthorizationManager : Checking authorization on GET /api/v1/auth/test using org.springframework.security.authorization.AuthenticatedAuthorizationManager@6c522d23
2026-05-30T21:33:04.900+05:30 DEBUG 28120 --- [http-nio-8081-exec-5] o.s.security.web.FilterChainProxy        : Secured GET /api/v1/auth/test
2026-05-30T21:33:04.901+05:30 TRACE 28120 --- [http-nio-8081-exec-5] o.s.web.servlet.DispatcherServlet        : GET "/api/v1/auth/test", parameters={}, headers={masked} in DispatcherServlet 'dispatcherServlet'
2026-05-30T21:33:04.902+05:30 DEBUG 28120 --- [http-nio-8081-exec-5] s.w.s.m.m.a.RequestMappingHandlerMapping : Mapped to com.aiops.auth_service.controller.AuthController#test()
2026-05-30T21:33:04.905+05:30 DEBUG 28120 --- [http-nio-8081-exec-5] m.m.a.RequestResponseBodyMethodProcessor : Using 'text/plain', given [*/*] and supported [text/plain, */*, application/json, application/*+json]
2026-05-30T21:33:04.907+05:30 DEBUG 28120 --- [http-nio-8081-exec-5] m.m.a.RequestResponseBodyMethodProcessor : Writing ["Protected API reached"]
2026-05-30T21:33:04.908+05:30 TRACE 28120 --- [http-nio-8081-exec-5] o.s.s.w.header.writers.HstsHeaderWriter  : Not injecting HSTS header since it did not match request to [Is Secure]
2026-05-30T21:33:04.909+05:30 TRACE 28120 --- [http-nio-8081-exec-5] o.s.web.servlet.DispatcherServlet        : No view rendering, null ModelAndView returned.
2026-05-30T21:33:04.910+05:30 DEBUG 28120 --- [http-nio-8081-exec-5] o.s.web.servlet.DispatcherServlet        : Completed 200 OK, headers={masked}
2026-05-30T21:48:23.037+05:30  INFO 28120 --- [SpringApplicationShutdownHook] o.s.b.w.e.tomcat.GracefulShutdown        : Commencing graceful shutdown. Waiting for active requests to complete
2026-05-30T21:48:23.076+05:30  INFO 28120 --- [tomcat-shutdown] o.s.b.w.e.tomcat.GracefulShutdown        : Graceful shutdown complete
2026-05-30T21:48:23.085+05:30  INFO 28120 --- [SpringApplicationShutdownHook] j.LocalContainerEntityManagerFactoryBean : Closing JPA EntityManagerFactory for persistence unit 'default'
2026-05-30T21:48:23.099+05:30  INFO 28120 --- [SpringApplicationShutdownHook] com.zaxxer.hikari.HikariDataSource       : HikariPool-1 - Shutdown initiated...
2026-05-30T21:48:23.109+05:30  INFO 28120 --- [SpringApplicationShutdownHook] com.zaxxer.hikari.HikariDataSource       : HikariPool-1 - Shutdown completed.
